-- phpMyAdmin SQL Dump
-- version 4.0.10.18
-- https://www.phpmyadmin.net
--
-- Client: localhost:3306
-- Généré le: Ven 14 Juillet 2017 à 06:14
-- Version du serveur: 5.6.35-cll-lve
-- Version de PHP: 5.6.30

SET SQL_MODE = "NO_AUTO_VALUE_ON_ZERO";
SET time_zone = "+00:00";


/*!40101 SET @OLD_CHARACTER_SET_CLIENT=@@CHARACTER_SET_CLIENT */;
/*!40101 SET @OLD_CHARACTER_SET_RESULTS=@@CHARACTER_SET_RESULTS */;
/*!40101 SET @OLD_COLLATION_CONNECTION=@@COLLATION_CONNECTION */;
/*!40101 SET NAMES utf8 */;

--
-- Base de données: `combaxe`
--

-- --------------------------------------------------------

--
-- Structure de la table `Campagnes`
--

CREATE TABLE IF NOT EXISTS `Campagnes` (
  `idCampagne` int(11) NOT NULL AUTO_INCREMENT,
  `idEnnemi` int(11) NOT NULL,
  `histoireDebut` varchar(255) DEFAULT NULL,
  `histoireFin` varchar(255) DEFAULT NULL,
  PRIMARY KEY (`idCampagne`),
  UNIQUE KEY `idCampagne` (`idCampagne`),
  KEY `Campagnes_Ennemis_FK` (`idEnnemi`)
) ENGINE=MyISAM  DEFAULT CHARSET=latin1 AUTO_INCREMENT=7 ;

--
-- Contenu de la table `Campagnes`
--

INSERT INTO `Campagnes` (`idCampagne`, `idEnnemi`, `histoireDebut`, `histoireFin`) VALUES
(1, 1, 'Lors de la recherche pour trouver Arkanos, vous apercevez une générale de l’armée des enfers, Azazel. Cette magicienne de l’ombre spécialisée dans le contrôle de l’esprit communique avec l’un de ses messagers. Il vous faut ce message.', 'Une fois avoir vaincu Azazel, vous prenez le message et recherchez des informations. Le message vous dit l’emplacement où se trouve le campement du groupe d’Arkanos.'),
(2, 2, 'Au loin, vous attendez des chants de guerres au loin. Vous vous approchez, regardez votre message et vous rendez compte que vous êtes bien au campement. Moguarnoch, le chef de guerre et autre général d''Arkanos vous attaque.', 'Moguarnoch est vaincu, suite à la défaite du chef de guerre, les soldats du campement se sont enfuis dans la peur. Après une examination du campement, vous tombez sur un bout de parchemin indiquant la prochaine destination: un village tribal'),
(3, 3, 'Arrivé au village tribal, vous demandez de l''information au personnes de la tribu. Vous trouvant trop curieux, un chaman du nom de Zakuta vous défi à un duel. Si vous gagnez, il vous donnera de l''information.', 'La défaite de Zakuta était inévitable, avant de mourir il cria : "LA CITÉ DES MORTS". À cet instant, vous savez où vous devez allez. Vous avez un rendez-vous avec les morts.'),
(4, 4, 'Arrivé à la cité des morts, vous voyez que les portes de la forteresse sont gardées par un guarde. Mais ce garde n''a pas l''air d''un simple guarde. Il semble communiquer avec les morts, il semble être un nécromencien son accueil est plutôt agressive.', 'Vous avez battu le guarde de la cité des morts. Vous ramassez la clé qui est tombé par terre suite à sa défaite et vous entrez.'),
(5, 5, 'Au loin, vous voyez Arkanos qui vous dit: "Félicitations héro, vous êtes noble et fort. Vous avez battu tous mes généraux, sauf un. À table Harfanghei!"', 'Harfanghei est battu et vous êtes maintenant face à face avec le paladin corrompu.'),
(6, 6, 'Arkanos: "SUFFIT! Je vais vous éliminez par moi même, sale rat!"', 'L''énergie qui émane de la défaite d''Arkanos vous trouble, mais vous y êtes arrivé, vous avez battu l''armée des enfers. Vous prenez "Combaxe" et retourner voir les Dieux avec la hache.');

-- --------------------------------------------------------

--
-- Structure de la table `Caracteristiques`
--

CREATE TABLE IF NOT EXISTS `Caracteristiques` (
  `idCaracteristique` int(11) NOT NULL AUTO_INCREMENT,
  `nom` varchar(31) NOT NULL,
  PRIMARY KEY (`idCaracteristique`),
  UNIQUE KEY `idCaracteristique` (`idCaracteristique`),
  UNIQUE KEY `nom` (`nom`)
) ENGINE=MyISAM  DEFAULT CHARSET=latin1 AUTO_INCREMENT=6 ;

--
-- Contenu de la table `Caracteristiques`
--

INSERT INTO `Caracteristiques` (`idCaracteristique`, `nom`) VALUES
(1, 'Force'),
(2, 'Vie'),
(3, 'Vitesse'),
(4, 'Défense'),
(5, 'Énergie');

-- --------------------------------------------------------

--
-- Structure de la table `CaracteristiquesEnnemis`
--

CREATE TABLE IF NOT EXISTS `CaracteristiquesEnnemis` (
  `idCaracteristiqueEnnemi` int(11) NOT NULL AUTO_INCREMENT,
  `idCaracteristique` int(11) NOT NULL,
  `idEnnemi` int(11) NOT NULL,
  `valeur` int(11) NOT NULL,
  PRIMARY KEY (`idCaracteristiqueEnnemi`),
  UNIQUE KEY `idCaracteristiqueEnnemi` (`idCaracteristiqueEnnemi`),
  KEY `CaracteristiquesEnnemis_Ennemis_FK` (`idEnnemi`),
  KEY `CaracteristiquesEnnemis_Caracteristiques_FK` (`idCaracteristique`)
) ENGINE=MyISAM  DEFAULT CHARSET=latin1 AUTO_INCREMENT=151 ;

--
-- Contenu de la table `CaracteristiquesEnnemis`
--

INSERT INTO `CaracteristiquesEnnemis` (`idCaracteristiqueEnnemi`, `idCaracteristique`, `idEnnemi`, `valeur`) VALUES
(1, 1, 1, 8),
(2, 2, 1, 17),
(3, 3, 1, 5),
(4, 4, 1, 13),
(5, 5, 1, 16),
(6, 1, 2, 35),
(7, 2, 2, 23),
(8, 3, 2, 14),
(9, 4, 2, 25),
(10, 5, 2, 12),
(11, 1, 3, 15),
(12, 2, 3, 39),
(13, 3, 3, 27),
(14, 4, 3, 42),
(15, 5, 3, 31),
(16, 1, 4, 10),
(17, 2, 4, 45),
(18, 3, 4, 36),
(19, 4, 4, 53),
(20, 5, 4, 31),
(21, 1, 5, 23),
(22, 4, 5, 39),
(23, 2, 5, 53),
(24, 3, 5, 75),
(25, 5, 5, 20),
(26, 1, 6, 67),
(27, 4, 6, 82),
(28, 2, 6, 72),
(29, 3, 6, 61),
(30, 5, 6, 59),
(31, 1, 7, 3),
(32, 4, 7, 3),
(33, 2, 7, 7),
(34, 3, 7, 5),
(35, 5, 7, 7),
(36, 1, 8, 6),
(37, 4, 8, 6),
(38, 2, 8, 7),
(39, 3, 8, 9),
(40, 5, 8, 3),
(41, 1, 9, 9),
(42, 4, 9, 9),
(43, 2, 9, 5),
(44, 3, 9, 1),
(45, 5, 9, 1),
(46, 1, 10, 5),
(47, 4, 10, 6),
(48, 2, 10, 5),
(49, 3, 10, 6),
(50, 5, 10, 3),
(51, 1, 11, 3),
(52, 4, 11, 5),
(53, 2, 11, 7),
(54, 3, 11, 7),
(55, 5, 11, 3),
(56, 1, 12, 3),
(57, 4, 12, 3),
(58, 2, 12, 7),
(59, 3, 12, 5),
(60, 5, 12, 7),
(61, 1, 13, 4),
(62, 4, 13, 4),
(63, 2, 13, 6),
(64, 3, 13, 8),
(65, 5, 13, 6),
(66, 1, 14, 3),
(67, 4, 14, 6),
(68, 2, 14, 6),
(69, 3, 14, 5),
(70, 5, 14, 9),
(71, 1, 15, 6),
(72, 4, 15, 6),
(73, 2, 15, 7),
(74, 3, 15, 6),
(75, 5, 15, 5),
(76, 1, 16, 6),
(77, 4, 16, 5),
(78, 2, 16, 6),
(79, 3, 16, 10),
(80, 5, 16, 4),
(81, 1, 17, 8),
(82, 4, 17, 7),
(83, 2, 17, 5),
(84, 3, 17, 5),
(85, 5, 17, 5),
(86, 1, 18, 7),
(87, 4, 18, 6),
(88, 2, 18, 6),
(89, 3, 18, 7),
(90, 5, 18, 6),
(91, 1, 19, 10),
(92, 4, 19, 9),
(93, 2, 19, 5),
(94, 3, 19, 3),
(95, 5, 19, 5),
(96, 1, 20, 2),
(97, 4, 20, 3),
(98, 2, 20, 6),
(99, 3, 20, 6),
(100, 5, 20, 10),
(101, 1, 21, 10),
(102, 4, 21, 9),
(103, 2, 21, 6),
(104, 3, 21, 2),
(105, 5, 21, 2),
(106, 1, 22, 5),
(107, 4, 22, 6),
(108, 2, 22, 5),
(109, 3, 22, 10),
(110, 5, 22, 5),
(111, 1, 23, 9),
(112, 4, 23, 12),
(113, 2, 23, 7),
(114, 3, 23, 1),
(115, 5, 23, 2),
(116, 1, 24, 6),
(117, 4, 24, 6),
(118, 2, 24, 5),
(119, 3, 24, 7),
(120, 5, 24, 5),
(121, 1, 25, 5),
(122, 4, 25, 5),
(123, 2, 25, 7),
(124, 3, 25, 7),
(125, 5, 25, 7),
(126, 1, 26, 8),
(127, 4, 26, 8),
(128, 2, 26, 8),
(129, 3, 26, 8),
(130, 5, 26, 8),
(131, 1, 27, 5),
(132, 4, 27, 5),
(133, 2, 27, 7),
(134, 3, 27, 7),
(135, 5, 27, 6),
(136, 1, 28, 7),
(137, 4, 28, 5),
(138, 2, 28, 6),
(139, 3, 28, 7),
(140, 5, 28, 3),
(141, 1, 29, 10),
(142, 4, 29, 7),
(143, 2, 29, 6),
(144, 3, 29, 4),
(145, 5, 29, 3),
(146, 1, 30, 8),
(147, 4, 30, 8),
(148, 2, 30, 3),
(149, 3, 30, 3),
(150, 5, 30, 2);

-- --------------------------------------------------------

--
-- Structure de la table `CaracteristiquesEquipementsModeles`
--

CREATE TABLE IF NOT EXISTS `CaracteristiquesEquipementsModeles` (
  `idCaracteristiqueEquipementModele` int(11) NOT NULL AUTO_INCREMENT,
  `idCaracteristique` int(11) NOT NULL,
  `idEquipementModele` int(11) NOT NULL,
  `valeur` int(11) NOT NULL,
  PRIMARY KEY (`idCaracteristiqueEquipementModele`),
  UNIQUE KEY `idCaracteristiqueEquipementModele` (`idCaracteristiqueEquipementModele`)
) ENGINE=MyISAM  DEFAULT CHARSET=latin1 AUTO_INCREMENT=1241 ;

--
-- Contenu de la table `CaracteristiquesEquipementsModeles`
--

INSERT INTO `CaracteristiquesEquipementsModeles` (`idCaracteristiqueEquipementModele`, `idCaracteristique`, `idEquipementModele`, `valeur`) VALUES
(1, 1, 141, 2),
(2, 2, 141, 1),
(3, 4, 141, 0),
(4, 3, 141, 0),
(5, 5, 141, 0),
(6, 1, 143, 1),
(7, 3, 143, 1),
(8, 2, 143, 0),
(9, 4, 143, 0),
(10, 5, 143, 0),
(11, 2, 142, 1),
(12, 5, 142, 2),
(13, 1, 142, 0),
(14, 4, 142, 0),
(15, 3, 142, 0),
(16, 2, 144, 1),
(17, 4, 144, 1),
(18, 1, 144, 0),
(19, 3, 144, 0),
(20, 5, 144, 0),
(21, 1, 145, 6),
(22, 2, 145, 3),
(23, 3, 145, 0),
(24, 4, 145, 0),
(25, 5, 145, 0),
(26, 5, 146, 6),
(27, 2, 146, 3),
(28, 3, 146, 0),
(29, 4, 146, 0),
(30, 1, 146, 0),
(31, 3, 147, 2),
(32, 1, 147, 3),
(33, 5, 147, 0),
(34, 4, 147, 0),
(35, 2, 147, 0),
(36, 4, 148, 3),
(37, 2, 148, 2),
(38, 3, 148, 0),
(39, 1, 148, 0),
(40, 5, 148, 0),
(41, 1, 149, 3),
(42, 3, 149, 2),
(43, 4, 149, 0),
(44, 5, 149, 0),
(45, 2, 149, 0),
(46, 5, 150, 3),
(47, 3, 150, 2),
(48, 2, 150, 0),
(49, 1, 150, 0),
(50, 4, 150, 0),
(51, 1, 151, 6),
(52, 4, 151, 3),
(53, 5, 151, 0),
(54, 3, 151, 0),
(55, 2, 151, 0),
(56, 2, 152, 0),
(57, 1, 152, 6),
(58, 4, 152, 0),
(59, 3, 152, 3),
(60, 5, 152, 0),
(61, 1, 153, 8),
(62, 2, 153, 4),
(63, 5, 153, 0),
(64, 4, 153, 0),
(65, 3, 153, 0),
(66, 5, 154, 8),
(67, 4, 154, 4),
(68, 3, 154, 0),
(69, 2, 154, 0),
(70, 1, 154, 0),
(71, 1, 155, 4),
(72, 3, 155, 2),
(73, 2, 155, 0),
(74, 5, 155, 0),
(75, 4, 155, 0),
(76, 4, 156, 4),
(77, 2, 156, 2),
(78, 3, 156, 0),
(79, 1, 156, 0),
(80, 5, 156, 0),
(81, 1, 157, 4),
(82, 3, 157, 2),
(83, 4, 157, 0),
(84, 5, 157, 0),
(85, 2, 157, 0),
(86, 5, 158, 4),
(87, 3, 158, 2),
(88, 4, 158, 0),
(89, 1, 158, 0),
(90, 2, 158, 0),
(91, 4, 159, 4),
(92, 1, 159, 8),
(93, 5, 159, 0),
(94, 3, 159, 0),
(95, 2, 159, 0),
(96, 3, 160, 4),
(97, 1, 160, 8),
(98, 4, 160, 0),
(99, 5, 160, 0),
(100, 2, 160, 0),
(101, 1, 161, 12),
(102, 2, 161, 6),
(103, 5, 161, 0),
(104, 4, 161, 0),
(105, 3, 161, 0),
(106, 2, 162, 12),
(107, 5, 162, 6),
(108, 4, 162, 0),
(109, 1, 162, 0),
(110, 3, 162, 0),
(111, 3, 163, 6),
(112, 1, 163, 3),
(113, 2, 163, 0),
(114, 5, 163, 0),
(115, 4, 163, 0),
(116, 4, 164, 6),
(117, 2, 164, 3),
(118, 3, 164, 0),
(119, 1, 164, 0),
(120, 5, 164, 0),
(121, 1, 165, 6),
(122, 3, 165, 3),
(123, 5, 165, 0),
(124, 2, 165, 0),
(125, 4, 165, 0),
(126, 5, 166, 6),
(127, 3, 166, 3),
(128, 1, 166, 0),
(129, 4, 166, 0),
(130, 2, 166, 0),
(131, 1, 167, 12),
(132, 4, 167, 6),
(133, 3, 167, 0),
(134, 5, 167, 0),
(135, 2, 167, 0),
(136, 1, 168, 12),
(137, 3, 168, 6),
(138, 4, 168, 0),
(139, 5, 168, 0),
(140, 2, 168, 0),
(141, 1, 169, 14),
(142, 2, 169, 7),
(143, 5, 169, 0),
(144, 4, 169, 0),
(145, 3, 169, 0),
(146, 2, 170, 14),
(147, 5, 170, 7),
(148, 1, 170, 0),
(149, 4, 170, 0),
(150, 3, 170, 0),
(151, 3, 171, 7),
(152, 1, 171, 4),
(153, 4, 171, 0),
(154, 2, 171, 0),
(155, 5, 171, 0),
(156, 4, 172, 7),
(157, 2, 172, 4),
(158, 3, 172, 0),
(159, 1, 172, 0),
(160, 5, 172, 0),
(161, 1, 173, 7),
(162, 3, 173, 4),
(163, 2, 173, 0),
(164, 4, 173, 0),
(165, 5, 173, 0),
(166, 5, 174, 7),
(167, 3, 174, 4),
(168, 2, 174, 0),
(169, 1, 174, 0),
(170, 4, 174, 0),
(171, 1, 175, 14),
(172, 4, 175, 7),
(173, 5, 175, 0),
(174, 3, 175, 0),
(175, 2, 175, 0),
(176, 1, 176, 14),
(177, 3, 176, 7),
(178, 4, 176, 0),
(179, 2, 176, 0),
(180, 5, 176, 0),
(181, 1, 177, 18),
(182, 2, 177, 9),
(183, 5, 177, 0),
(184, 4, 177, 0),
(185, 3, 177, 0),
(186, 2, 178, 18),
(187, 5, 178, 9),
(188, 1, 178, 0),
(189, 4, 178, 0),
(190, 3, 178, 0),
(191, 3, 179, 9),
(192, 1, 179, 5),
(193, 4, 179, 0),
(194, 2, 179, 0),
(195, 5, 179, 0),
(196, 4, 180, 9),
(197, 2, 180, 5),
(198, 3, 180, 0),
(199, 1, 180, 0),
(200, 5, 180, 0),
(201, 1, 181, 9),
(202, 3, 181, 5),
(203, 2, 181, 0),
(204, 4, 181, 0),
(205, 5, 181, 0),
(206, 5, 182, 9),
(207, 3, 182, 5),
(208, 2, 182, 0),
(209, 1, 182, 0),
(210, 4, 182, 0),
(211, 1, 183, 18),
(212, 4, 183, 9),
(213, 5, 183, 0),
(214, 3, 183, 0),
(215, 2, 183, 0),
(216, 1, 184, 18),
(217, 3, 184, 9),
(218, 4, 184, 0),
(219, 2, 184, 0),
(220, 5, 184, 0),
(221, 1, 185, 20),
(222, 2, 185, 10),
(223, 5, 185, 0),
(224, 4, 185, 0),
(225, 3, 185, 0),
(226, 2, 186, 20),
(227, 5, 186, 10),
(228, 4, 186, 0),
(229, 1, 186, 0),
(230, 3, 186, 0),
(231, 3, 187, 10),
(232, 1, 187, 5),
(233, 2, 187, 0),
(234, 5, 187, 0),
(235, 4, 187, 0),
(236, 4, 188, 10),
(237, 2, 188, 5),
(238, 3, 188, 0),
(239, 1, 188, 0),
(240, 5, 188, 0),
(241, 1, 189, 10),
(242, 3, 189, 5),
(243, 5, 189, 0),
(244, 2, 189, 0),
(245, 4, 189, 0),
(246, 5, 190, 10),
(247, 3, 190, 5),
(248, 1, 190, 0),
(249, 4, 190, 0),
(250, 2, 190, 0),
(251, 1, 191, 20),
(252, 4, 191, 10),
(253, 3, 191, 0),
(254, 5, 191, 0),
(255, 2, 191, 0),
(256, 1, 192, 20),
(257, 3, 192, 10),
(258, 4, 192, 0),
(259, 5, 192, 0),
(260, 2, 192, 0),
(261, 1, 193, 24),
(262, 2, 193, 12),
(263, 5, 193, 0),
(264, 4, 193, 0),
(265, 3, 193, 0),
(266, 2, 194, 24),
(267, 5, 194, 12),
(268, 4, 194, 0),
(269, 1, 194, 0),
(270, 3, 194, 0),
(271, 3, 195, 12),
(272, 1, 195, 6),
(273, 2, 195, 0),
(274, 5, 195, 0),
(275, 4, 195, 0),
(276, 4, 196, 12),
(277, 2, 196, 6),
(278, 3, 196, 0),
(279, 1, 196, 0),
(280, 5, 196, 0),
(281, 1, 197, 12),
(282, 3, 197, 6),
(283, 5, 197, 0),
(284, 2, 197, 0),
(285, 4, 197, 0),
(286, 5, 198, 12),
(287, 3, 198, 6),
(288, 1, 198, 0),
(289, 4, 198, 0),
(290, 2, 198, 0),
(291, 1, 199, 24),
(292, 4, 199, 12),
(293, 3, 199, 0),
(294, 5, 199, 0),
(295, 2, 199, 0),
(296, 1, 200, 24),
(297, 3, 200, 12),
(298, 4, 200, 0),
(299, 5, 200, 0),
(300, 2, 200, 0),
(301, 1, 201, 26),
(302, 2, 201, 13),
(303, 5, 201, 0),
(304, 4, 201, 0),
(305, 3, 201, 0),
(306, 2, 202, 26),
(307, 5, 202, 13),
(308, 4, 202, 0),
(309, 1, 202, 0),
(310, 3, 202, 0),
(311, 3, 203, 13),
(312, 1, 203, 7),
(313, 2, 203, 0),
(314, 5, 203, 0),
(315, 4, 203, 0),
(316, 4, 204, 13),
(317, 2, 204, 7),
(318, 3, 204, 0),
(319, 1, 204, 0),
(320, 5, 204, 0),
(321, 1, 205, 13),
(322, 3, 205, 7),
(323, 5, 205, 0),
(324, 2, 205, 0),
(325, 4, 205, 0),
(326, 5, 206, 13),
(327, 3, 206, 7),
(328, 1, 206, 0),
(329, 4, 206, 0),
(330, 2, 206, 0),
(331, 1, 207, 26),
(332, 4, 207, 13),
(333, 3, 207, 0),
(334, 5, 207, 0),
(335, 2, 207, 0),
(336, 1, 208, 26),
(337, 3, 208, 13),
(338, 4, 208, 0),
(339, 5, 208, 0),
(340, 2, 208, 0),
(341, 1, 209, 30),
(342, 2, 209, 15),
(343, 5, 209, 0),
(344, 4, 209, 0),
(345, 3, 209, 0),
(346, 2, 210, 30),
(347, 5, 210, 15),
(348, 1, 210, 0),
(349, 4, 210, 0),
(350, 3, 210, 0),
(351, 3, 211, 15),
(352, 1, 211, 8),
(353, 4, 211, 0),
(354, 2, 211, 0),
(355, 5, 211, 0),
(356, 4, 212, 15),
(357, 2, 212, 8),
(358, 3, 212, 0),
(359, 1, 212, 0),
(360, 5, 212, 0),
(361, 1, 213, 15),
(362, 3, 213, 8),
(363, 2, 213, 0),
(364, 4, 213, 0),
(365, 5, 213, 0),
(366, 5, 214, 15),
(367, 3, 214, 8),
(368, 2, 214, 0),
(369, 1, 214, 0),
(370, 4, 214, 0),
(371, 1, 215, 30),
(372, 4, 215, 15),
(373, 5, 215, 0),
(374, 3, 215, 0),
(375, 2, 215, 0),
(376, 1, 216, 30),
(377, 3, 216, 15),
(378, 4, 216, 0),
(379, 2, 216, 0),
(380, 5, 216, 0),
(381, 1, 217, 32),
(382, 2, 217, 16),
(383, 5, 217, 0),
(384, 4, 217, 0),
(385, 3, 217, 0),
(386, 2, 218, 32),
(387, 5, 218, 16),
(388, 4, 218, 0),
(389, 1, 218, 0),
(390, 3, 218, 0),
(391, 3, 219, 16),
(392, 1, 219, 8),
(393, 2, 219, 0),
(394, 5, 219, 0),
(395, 4, 219, 0),
(396, 4, 220, 16),
(397, 2, 220, 8),
(398, 3, 220, 0),
(399, 1, 220, 0),
(400, 5, 220, 0),
(401, 1, 221, 16),
(402, 3, 221, 8),
(403, 5, 221, 0),
(404, 2, 221, 0),
(405, 4, 221, 0),
(406, 5, 222, 16),
(407, 3, 222, 8),
(408, 1, 222, 0),
(409, 4, 222, 0),
(410, 2, 222, 0),
(411, 1, 223, 32),
(412, 4, 223, 16),
(413, 3, 223, 0),
(414, 5, 223, 0),
(415, 2, 223, 0),
(416, 1, 224, 32),
(417, 3, 224, 16),
(418, 4, 224, 0),
(419, 5, 224, 0),
(420, 2, 224, 0),
(421, 1, 225, 36),
(422, 2, 225, 18),
(423, 5, 225, 0),
(424, 4, 225, 0),
(425, 3, 225, 0),
(426, 2, 226, 36),
(427, 5, 226, 18),
(428, 4, 226, 0),
(429, 1, 226, 0),
(430, 3, 226, 0),
(431, 3, 227, 18),
(432, 1, 227, 9),
(433, 2, 227, 0),
(434, 5, 227, 0),
(435, 4, 227, 0),
(436, 4, 228, 18),
(437, 2, 228, 9),
(438, 3, 228, 0),
(439, 1, 228, 0),
(440, 5, 228, 0),
(441, 1, 229, 18),
(442, 3, 229, 9),
(443, 5, 229, 0),
(444, 2, 229, 0),
(445, 4, 229, 0),
(446, 5, 230, 18),
(447, 3, 230, 9),
(448, 1, 230, 0),
(449, 4, 230, 0),
(450, 2, 230, 0),
(451, 1, 231, 36),
(452, 4, 231, 18),
(453, 3, 231, 0),
(454, 5, 231, 0),
(455, 2, 231, 0),
(456, 1, 232, 36),
(457, 3, 232, 18),
(458, 4, 232, 0),
(459, 5, 232, 0),
(460, 2, 232, 0),
(461, 1, 233, 38),
(462, 2, 233, 19),
(463, 5, 233, 0),
(464, 4, 233, 0),
(465, 3, 233, 0),
(466, 2, 234, 38),
(467, 5, 234, 19),
(468, 1, 234, 0),
(469, 4, 234, 0),
(470, 3, 234, 0),
(471, 3, 235, 19),
(472, 1, 235, 9),
(473, 4, 235, 0),
(474, 2, 235, 0),
(475, 5, 235, 0),
(476, 4, 236, 19),
(477, 2, 236, 9),
(478, 3, 236, 0),
(479, 1, 236, 0),
(480, 5, 236, 0),
(481, 1, 237, 19),
(482, 3, 237, 9),
(483, 2, 237, 0),
(484, 4, 237, 0),
(485, 5, 237, 0),
(486, 5, 238, 19),
(487, 3, 238, 9),
(488, 2, 238, 0),
(489, 1, 238, 0),
(490, 4, 238, 0),
(491, 1, 239, 38),
(492, 4, 239, 19),
(493, 5, 239, 0),
(494, 3, 239, 0),
(495, 2, 239, 0),
(496, 1, 240, 38),
(497, 3, 240, 19),
(498, 4, 240, 0),
(499, 2, 240, 0),
(500, 5, 240, 0),
(501, 1, 241, 40),
(502, 2, 241, 20),
(503, 5, 241, 0),
(504, 4, 241, 0),
(505, 3, 241, 0),
(506, 2, 242, 40),
(507, 5, 242, 20),
(508, 4, 242, 0),
(509, 1, 242, 0),
(510, 3, 242, 0),
(511, 3, 243, 20),
(512, 1, 243, 10),
(513, 2, 243, 0),
(514, 5, 243, 0),
(515, 4, 243, 0),
(516, 4, 244, 20),
(517, 2, 244, 10),
(518, 3, 244, 0),
(519, 1, 244, 0),
(520, 5, 244, 0),
(521, 1, 245, 20),
(522, 3, 245, 10),
(523, 5, 245, 0),
(524, 2, 245, 0),
(525, 4, 245, 0),
(526, 5, 246, 20),
(527, 3, 246, 10),
(528, 1, 246, 0),
(529, 4, 246, 0),
(530, 2, 246, 0),
(531, 1, 247, 40),
(532, 4, 247, 20),
(533, 3, 247, 0),
(534, 5, 247, 0),
(535, 2, 247, 0),
(536, 1, 248, 40),
(537, 3, 248, 20),
(538, 4, 248, 0),
(539, 5, 248, 0),
(540, 2, 248, 0),
(541, 1, 1, 1),
(542, 4, 1, 3),
(543, 2, 1, 2),
(544, 5, 1, 0),
(545, 3, 1, 0),
(546, 5, 2, 3),
(547, 4, 2, 1),
(548, 2, 2, 2),
(549, 1, 2, 0),
(550, 3, 2, 0),
(551, 1, 3, 2),
(552, 4, 3, 2),
(553, 2, 3, 1),
(554, 3, 3, 0),
(555, 5, 3, 0),
(556, 5, 4, 2),
(557, 4, 4, 1),
(558, 2, 4, 2),
(559, 1, 4, 0),
(560, 3, 4, 0),
(561, 1, 5, 1),
(562, 4, 5, 1),
(563, 5, 5, 0),
(564, 3, 5, 0),
(565, 2, 5, 0),
(566, 5, 6, 1),
(567, 3, 6, 1),
(568, 1, 6, 0),
(569, 4, 6, 0),
(570, 2, 6, 0),
(571, 2, 7, 1),
(572, 4, 7, 1),
(573, 1, 7, 0),
(574, 5, 7, 0),
(575, 3, 7, 0),
(576, 5, 8, 1),
(577, 2, 8, 1),
(578, 1, 8, 0),
(579, 3, 8, 0),
(580, 4, 8, 0),
(581, 4, 9, 1),
(582, 3, 9, 1),
(583, 1, 9, 0),
(584, 2, 9, 0),
(585, 5, 9, 0),
(586, 5, 10, 1),
(587, 3, 10, 1),
(588, 4, 10, 0),
(589, 2, 10, 0),
(590, 1, 10, 0),
(591, 1, 11, 3),
(592, 4, 11, 9),
(593, 2, 11, 6),
(594, 5, 11, 0),
(595, 3, 11, 0),
(596, 5, 12, 9),
(597, 4, 12, 3),
(598, 2, 12, 6),
(599, 1, 12, 0),
(600, 3, 12, 0),
(601, 1, 13, 6),
(602, 4, 13, 6),
(603, 2, 13, 3),
(604, 3, 13, 0),
(605, 5, 13, 0),
(606, 5, 14, 6),
(607, 4, 14, 3),
(608, 2, 14, 6),
(609, 1, 14, 0),
(610, 3, 14, 0),
(611, 1, 15, 3),
(612, 4, 15, 3),
(613, 3, 15, 0),
(614, 2, 15, 0),
(615, 5, 15, 0),
(616, 5, 16, 3),
(617, 3, 16, 3),
(618, 1, 16, 0),
(619, 2, 16, 0),
(620, 4, 16, 0),
(621, 2, 17, 3),
(622, 4, 17, 3),
(623, 1, 17, 0),
(624, 3, 17, 0),
(625, 5, 17, 0),
(626, 5, 18, 3),
(627, 2, 18, 3),
(628, 1, 18, 0),
(629, 4, 18, 0),
(630, 3, 18, 0),
(631, 4, 19, 3),
(632, 3, 19, 3),
(633, 2, 19, 0),
(634, 1, 19, 0),
(635, 5, 19, 0),
(636, 5, 20, 3),
(637, 3, 20, 3),
(638, 1, 20, 0),
(639, 4, 20, 0),
(640, 2, 20, 0),
(641, 1, 21, 4),
(642, 4, 21, 12),
(643, 2, 21, 8),
(644, 3, 21, 0),
(645, 5, 21, 0),
(646, 5, 22, 12),
(647, 4, 22, 4),
(648, 2, 22, 8),
(649, 3, 22, 0),
(650, 1, 22, 0),
(651, 1, 23, 8),
(652, 4, 23, 8),
(653, 2, 23, 4),
(654, 3, 23, 0),
(655, 5, 23, 0),
(656, 5, 24, 8),
(657, 4, 24, 4),
(658, 2, 24, 8),
(659, 3, 24, 0),
(660, 1, 24, 0),
(661, 1, 25, 4),
(662, 4, 25, 4),
(663, 3, 25, 0),
(664, 2, 25, 0),
(665, 5, 25, 0),
(666, 5, 26, 4),
(667, 3, 26, 4),
(668, 2, 26, 0),
(669, 1, 26, 0),
(670, 4, 26, 0),
(671, 2, 27, 4),
(672, 4, 27, 4),
(673, 3, 27, 0),
(674, 1, 27, 0),
(675, 5, 27, 0),
(676, 5, 28, 4),
(677, 2, 28, 4),
(678, 3, 28, 0),
(679, 1, 28, 0),
(680, 4, 28, 0),
(681, 4, 29, 4),
(682, 3, 29, 4),
(683, 1, 29, 0),
(684, 5, 29, 0),
(685, 2, 29, 0),
(686, 5, 30, 4),
(687, 3, 30, 4),
(688, 1, 30, 0),
(689, 4, 30, 0),
(690, 2, 30, 0),
(691, 1, 31, 6),
(692, 4, 31, 18),
(693, 2, 31, 12),
(694, 3, 31, 0),
(695, 5, 31, 0),
(696, 5, 32, 18),
(697, 4, 32, 6),
(698, 2, 32, 12),
(699, 3, 32, 0),
(700, 1, 32, 0),
(701, 1, 33, 12),
(702, 4, 33, 12),
(703, 2, 33, 6),
(704, 3, 33, 0),
(705, 5, 33, 0),
(706, 5, 34, 12),
(707, 4, 34, 6),
(708, 2, 34, 12),
(709, 3, 34, 0),
(710, 1, 34, 0),
(711, 1, 35, 6),
(712, 4, 35, 6),
(713, 3, 35, 0),
(714, 2, 35, 0),
(715, 5, 35, 0),
(716, 5, 36, 6),
(717, 3, 36, 6),
(718, 2, 36, 0),
(719, 1, 36, 0),
(720, 4, 36, 0),
(721, 2, 37, 6),
(722, 4, 37, 6),
(723, 3, 37, 0),
(724, 1, 37, 0),
(725, 5, 37, 0),
(726, 5, 38, 6),
(727, 2, 38, 6),
(728, 3, 38, 0),
(729, 1, 38, 0),
(730, 4, 38, 0),
(731, 4, 39, 6),
(732, 3, 39, 6),
(733, 1, 39, 0),
(734, 5, 39, 0),
(735, 2, 39, 0),
(736, 5, 40, 6),
(737, 3, 40, 6),
(738, 1, 40, 0),
(739, 4, 40, 0),
(740, 2, 40, 0),
(741, 1, 41, 7),
(742, 4, 41, 21),
(743, 2, 41, 14),
(744, 3, 41, 0),
(745, 5, 41, 0),
(746, 5, 42, 21),
(747, 4, 42, 7),
(748, 2, 42, 14),
(749, 3, 42, 0),
(750, 1, 42, 0),
(751, 1, 43, 14),
(752, 4, 43, 14),
(753, 2, 43, 7),
(754, 3, 43, 0),
(755, 5, 43, 0),
(756, 5, 44, 14),
(757, 4, 44, 7),
(758, 2, 44, 14),
(759, 3, 44, 0),
(760, 1, 44, 0),
(761, 1, 45, 7),
(762, 4, 45, 7),
(763, 3, 45, 0),
(764, 2, 45, 0),
(765, 5, 45, 0),
(766, 5, 46, 7),
(767, 3, 46, 7),
(768, 2, 46, 0),
(769, 1, 46, 0),
(770, 4, 46, 0),
(771, 2, 47, 7),
(772, 4, 47, 7),
(773, 3, 47, 0),
(774, 1, 47, 0),
(775, 5, 47, 0),
(776, 5, 48, 7),
(777, 2, 48, 7),
(778, 3, 48, 0),
(779, 1, 48, 0),
(780, 4, 48, 0),
(781, 4, 49, 7),
(782, 3, 49, 7),
(783, 1, 49, 0),
(784, 5, 49, 0),
(785, 2, 49, 0),
(786, 5, 50, 7),
(787, 3, 50, 7),
(788, 1, 50, 0),
(789, 4, 50, 0),
(790, 2, 50, 0),
(791, 1, 51, 9),
(792, 4, 51, 27),
(793, 2, 51, 18),
(794, 3, 51, 0),
(795, 5, 51, 0),
(796, 5, 52, 27),
(797, 4, 52, 9),
(798, 2, 52, 18),
(799, 3, 52, 0),
(800, 1, 52, 0),
(801, 1, 53, 18),
(802, 4, 53, 18),
(803, 2, 53, 9),
(804, 3, 53, 0),
(805, 5, 53, 0),
(806, 5, 54, 18),
(807, 4, 54, 9),
(808, 2, 54, 18),
(809, 3, 54, 0),
(810, 1, 54, 0),
(811, 1, 55, 9),
(812, 4, 55, 9),
(813, 3, 55, 0),
(814, 2, 55, 0),
(815, 5, 55, 0),
(816, 5, 56, 9),
(817, 3, 56, 9),
(818, 2, 56, 0),
(819, 1, 56, 0),
(820, 4, 56, 0),
(821, 2, 57, 9),
(822, 4, 57, 9),
(823, 3, 57, 0),
(824, 1, 57, 0),
(825, 5, 57, 0),
(826, 5, 58, 9),
(827, 2, 58, 9),
(828, 3, 58, 0),
(829, 1, 58, 0),
(830, 4, 58, 0),
(831, 4, 59, 9),
(832, 3, 59, 9),
(833, 1, 59, 0),
(834, 5, 59, 0),
(835, 2, 59, 0),
(836, 5, 60, 9),
(837, 3, 60, 9),
(838, 1, 60, 0),
(839, 4, 60, 0),
(840, 2, 60, 0),
(841, 1, 61, 10),
(842, 4, 61, 30),
(843, 2, 61, 21),
(844, 3, 61, 0),
(845, 5, 61, 0),
(846, 5, 62, 30),
(847, 4, 62, 10),
(848, 2, 62, 21),
(849, 3, 62, 0),
(850, 1, 62, 0),
(851, 1, 63, 21),
(852, 4, 63, 21),
(853, 2, 63, 10),
(854, 3, 63, 0),
(855, 5, 63, 0),
(856, 5, 64, 21),
(857, 4, 64, 10),
(858, 2, 64, 21),
(859, 3, 64, 0),
(860, 1, 64, 0),
(861, 1, 65, 10),
(862, 4, 65, 10),
(863, 3, 65, 0),
(864, 2, 65, 0),
(865, 5, 65, 0),
(866, 5, 66, 10),
(867, 3, 66, 10),
(868, 2, 66, 0),
(869, 1, 66, 0),
(870, 4, 66, 0),
(871, 2, 67, 10),
(872, 4, 67, 10),
(873, 3, 67, 0),
(874, 1, 67, 0),
(875, 5, 67, 0),
(876, 5, 68, 10),
(877, 2, 68, 10),
(878, 3, 68, 0),
(879, 1, 68, 0),
(880, 4, 68, 0),
(881, 4, 69, 10),
(882, 3, 69, 10),
(883, 1, 69, 0),
(884, 5, 69, 0),
(885, 2, 69, 0),
(886, 5, 70, 10),
(887, 3, 70, 10),
(888, 1, 70, 0),
(889, 4, 70, 0),
(890, 2, 70, 0),
(891, 1, 71, 12),
(892, 4, 71, 36),
(893, 2, 71, 24),
(894, 3, 71, 0),
(895, 5, 71, 0),
(896, 5, 72, 36),
(897, 4, 72, 12),
(898, 2, 72, 24),
(899, 3, 72, 0),
(900, 1, 72, 0),
(901, 1, 73, 24),
(902, 4, 73, 24),
(903, 2, 73, 12),
(904, 3, 73, 0),
(905, 5, 73, 0),
(906, 5, 74, 24),
(907, 4, 74, 12),
(908, 2, 74, 24),
(909, 3, 74, 0),
(910, 1, 74, 0),
(911, 1, 75, 12),
(912, 4, 75, 12),
(913, 3, 75, 0),
(914, 2, 75, 0),
(915, 5, 75, 0),
(916, 5, 76, 12),
(917, 3, 76, 12),
(918, 2, 76, 0),
(919, 1, 76, 0),
(920, 4, 76, 0),
(921, 2, 77, 12),
(922, 4, 77, 12),
(923, 3, 77, 0),
(924, 1, 77, 0),
(925, 5, 77, 0),
(926, 5, 78, 12),
(927, 2, 78, 12),
(928, 3, 78, 0),
(929, 1, 78, 0),
(930, 4, 78, 0),
(931, 4, 79, 12),
(932, 3, 79, 12),
(933, 1, 79, 0),
(934, 5, 79, 0),
(935, 2, 79, 0),
(936, 5, 80, 12),
(937, 3, 80, 12),
(938, 1, 80, 0),
(939, 4, 80, 0),
(940, 2, 80, 0),
(941, 1, 81, 13),
(942, 4, 81, 39),
(943, 2, 81, 26),
(944, 3, 81, 0),
(945, 5, 81, 0),
(946, 5, 82, 39),
(947, 4, 82, 13),
(948, 2, 82, 26),
(949, 3, 82, 0),
(950, 1, 82, 0),
(951, 1, 83, 26),
(952, 4, 83, 26),
(953, 2, 83, 13),
(954, 3, 83, 0),
(955, 5, 83, 0),
(956, 5, 84, 26),
(957, 4, 84, 13),
(958, 2, 84, 26),
(959, 3, 84, 0),
(960, 1, 84, 0),
(961, 1, 85, 13),
(962, 4, 85, 13),
(963, 3, 85, 0),
(964, 2, 85, 0),
(965, 5, 85, 0),
(966, 5, 86, 13),
(967, 3, 86, 13),
(968, 2, 86, 0),
(969, 1, 86, 0),
(970, 4, 86, 0),
(971, 2, 87, 13),
(972, 4, 87, 13),
(973, 3, 87, 0),
(974, 1, 87, 0),
(975, 5, 87, 0),
(976, 5, 88, 13),
(977, 2, 88, 13),
(978, 3, 88, 0),
(979, 1, 88, 0),
(980, 4, 88, 0),
(981, 4, 89, 13),
(982, 3, 89, 13),
(983, 1, 89, 0),
(984, 5, 89, 0),
(985, 2, 89, 0),
(986, 5, 90, 13),
(987, 3, 90, 13),
(988, 1, 90, 0),
(989, 4, 90, 0),
(990, 2, 90, 0),
(991, 1, 91, 15),
(992, 4, 91, 45),
(993, 2, 91, 30),
(994, 3, 91, 0),
(995, 5, 91, 0),
(996, 5, 92, 45),
(997, 4, 92, 15),
(998, 2, 92, 30),
(999, 3, 92, 0),
(1000, 1, 92, 0),
(1001, 1, 93, 30),
(1002, 4, 93, 30),
(1003, 2, 93, 15),
(1004, 3, 93, 0),
(1005, 5, 93, 0),
(1006, 5, 94, 30),
(1007, 4, 94, 15),
(1008, 2, 94, 30),
(1009, 3, 94, 0),
(1010, 1, 94, 0),
(1011, 1, 95, 15),
(1012, 4, 95, 15),
(1013, 3, 95, 0),
(1014, 2, 95, 0),
(1015, 5, 95, 0),
(1016, 5, 96, 15),
(1017, 3, 96, 15),
(1018, 2, 96, 0),
(1019, 1, 96, 0),
(1020, 4, 96, 0),
(1021, 2, 97, 15),
(1022, 4, 97, 15),
(1023, 3, 97, 0),
(1024, 1, 97, 0),
(1025, 5, 97, 0),
(1026, 5, 98, 15),
(1027, 2, 98, 15),
(1028, 3, 98, 0),
(1029, 1, 98, 0),
(1030, 4, 98, 0),
(1031, 4, 99, 15),
(1032, 3, 99, 15),
(1033, 1, 99, 0),
(1034, 5, 99, 0),
(1035, 2, 99, 0),
(1036, 5, 100, 15),
(1037, 3, 100, 15),
(1038, 1, 100, 0),
(1039, 4, 100, 0),
(1040, 2, 100, 0),
(1041, 1, 101, 16),
(1042, 4, 101, 48),
(1043, 2, 101, 32),
(1044, 3, 101, 0),
(1045, 5, 101, 0),
(1046, 5, 102, 48),
(1047, 4, 102, 16),
(1048, 2, 102, 32),
(1049, 3, 102, 0),
(1050, 1, 102, 0),
(1051, 1, 103, 32),
(1052, 4, 103, 32),
(1053, 2, 103, 16),
(1054, 3, 103, 0),
(1055, 5, 103, 0),
(1056, 5, 104, 32),
(1057, 4, 104, 16),
(1058, 2, 104, 32),
(1059, 3, 104, 0),
(1060, 1, 104, 0),
(1061, 1, 105, 16),
(1062, 4, 105, 16),
(1063, 3, 105, 0),
(1064, 2, 105, 0),
(1065, 5, 105, 0),
(1066, 5, 106, 16),
(1067, 3, 106, 16),
(1068, 2, 106, 0),
(1069, 1, 106, 0),
(1070, 4, 106, 0),
(1071, 2, 107, 16),
(1072, 4, 107, 16),
(1073, 3, 107, 0),
(1074, 1, 107, 0),
(1075, 5, 107, 0),
(1076, 5, 108, 16),
(1077, 2, 108, 16),
(1078, 3, 108, 0),
(1079, 1, 108, 0),
(1080, 4, 108, 0),
(1081, 4, 109, 16),
(1082, 3, 109, 16),
(1083, 1, 109, 0),
(1084, 5, 109, 0),
(1085, 2, 109, 0),
(1086, 5, 110, 16),
(1087, 3, 110, 16),
(1088, 1, 110, 0),
(1089, 4, 110, 0),
(1090, 2, 110, 0),
(1091, 1, 111, 18),
(1092, 4, 111, 54),
(1093, 2, 111, 36),
(1094, 3, 111, 0),
(1095, 5, 111, 0),
(1096, 5, 112, 54),
(1097, 4, 112, 18),
(1098, 2, 112, 36),
(1099, 3, 112, 0),
(1100, 1, 112, 0),
(1101, 1, 113, 36),
(1102, 4, 113, 36),
(1103, 2, 113, 18),
(1104, 3, 113, 0),
(1105, 5, 113, 0),
(1106, 5, 114, 36),
(1107, 4, 114, 18),
(1108, 2, 114, 36),
(1109, 3, 114, 0),
(1110, 1, 114, 0),
(1111, 1, 115, 18),
(1112, 4, 115, 18),
(1113, 3, 115, 0),
(1114, 2, 115, 0),
(1115, 5, 115, 0),
(1116, 5, 116, 18),
(1117, 3, 116, 18),
(1118, 2, 116, 0),
(1119, 1, 116, 0),
(1120, 4, 116, 0),
(1121, 2, 117, 18),
(1122, 4, 117, 18),
(1123, 3, 117, 0),
(1124, 1, 117, 0),
(1125, 5, 117, 0),
(1126, 5, 118, 18),
(1127, 2, 118, 18),
(1128, 3, 118, 0),
(1129, 1, 118, 0),
(1130, 4, 118, 0),
(1131, 4, 119, 18),
(1132, 3, 119, 18),
(1133, 1, 119, 0),
(1134, 5, 119, 0),
(1135, 2, 119, 0),
(1136, 5, 120, 18),
(1137, 3, 120, 18),
(1138, 1, 120, 0),
(1139, 4, 120, 0),
(1140, 2, 120, 0),
(1141, 1, 121, 19),
(1142, 4, 121, 57),
(1143, 2, 121, 38),
(1144, 3, 121, 0),
(1145, 5, 121, 0),
(1146, 5, 122, 57),
(1147, 4, 122, 19),
(1148, 2, 122, 38),
(1149, 3, 122, 0),
(1150, 1, 122, 0),
(1151, 1, 123, 38),
(1152, 4, 123, 38),
(1153, 2, 123, 19),
(1154, 3, 123, 0),
(1155, 5, 123, 0),
(1156, 5, 124, 38),
(1157, 4, 124, 19),
(1158, 2, 124, 38),
(1159, 3, 124, 0),
(1160, 1, 124, 0),
(1161, 1, 125, 19),
(1162, 4, 125, 19),
(1163, 3, 125, 0),
(1164, 2, 125, 0),
(1165, 5, 125, 0),
(1166, 5, 126, 19),
(1167, 3, 126, 19),
(1168, 2, 126, 0),
(1169, 1, 126, 0),
(1170, 4, 126, 0),
(1171, 2, 127, 19),
(1172, 4, 127, 19),
(1173, 3, 127, 0),
(1174, 1, 127, 0),
(1175, 5, 127, 0),
(1176, 5, 128, 19),
(1177, 2, 128, 19),
(1178, 3, 128, 0),
(1179, 1, 128, 0),
(1180, 4, 128, 0),
(1181, 4, 129, 19),
(1182, 3, 129, 19),
(1183, 1, 129, 0),
(1184, 5, 129, 0),
(1185, 2, 129, 0),
(1186, 5, 130, 19),
(1187, 3, 130, 19),
(1188, 1, 130, 0),
(1189, 4, 130, 0),
(1190, 2, 130, 0),
(1191, 1, 131, 20),
(1192, 4, 131, 60),
(1193, 2, 131, 40),
(1194, 3, 131, 0),
(1195, 5, 131, 0),
(1196, 5, 132, 60),
(1197, 4, 132, 20),
(1198, 2, 132, 40),
(1199, 3, 132, 0),
(1200, 1, 132, 0),
(1201, 1, 133, 40),
(1202, 4, 133, 40),
(1203, 2, 133, 20),
(1204, 3, 133, 0),
(1205, 5, 133, 0),
(1206, 5, 134, 40),
(1207, 4, 134, 20),
(1208, 2, 134, 40),
(1209, 3, 134, 0),
(1210, 1, 134, 0),
(1211, 1, 135, 20),
(1212, 4, 135, 20),
(1213, 3, 135, 0),
(1214, 2, 135, 0),
(1215, 5, 135, 0),
(1216, 5, 136, 20),
(1217, 3, 136, 20),
(1218, 2, 136, 0),
(1219, 1, 136, 0),
(1220, 4, 136, 0),
(1221, 2, 137, 20),
(1222, 4, 137, 20),
(1223, 3, 137, 0),
(1224, 1, 137, 0),
(1225, 5, 137, 0),
(1226, 5, 138, 20),
(1227, 2, 138, 20),
(1228, 3, 138, 0),
(1229, 1, 138, 0),
(1230, 4, 138, 0),
(1231, 4, 139, 20),
(1232, 3, 139, 20),
(1233, 1, 139, 0),
(1234, 5, 139, 0),
(1235, 2, 139, 0),
(1236, 5, 140, 20),
(1237, 3, 140, 20),
(1238, 1, 140, 0),
(1239, 4, 140, 0),
(1240, 2, 140, 0);

-- --------------------------------------------------------

--
-- Structure de la table `CaracteristiquesPersonnages`
--

CREATE TABLE IF NOT EXISTS `CaracteristiquesPersonnages` (
  `idCaracteristiquePersonnage` int(11) NOT NULL AUTO_INCREMENT,
  `idCaracteristique` int(11) NOT NULL,
  `idPersonnage` int(11) NOT NULL,
  `valeur` int(11) NOT NULL,
  PRIMARY KEY (`idCaracteristiquePersonnage`),
  UNIQUE KEY `idCaracteristiquePersonnage` (`idCaracteristiquePersonnage`),
  KEY `CaracteristiquesPersonnages_Personnages_FK` (`idPersonnage`),
  KEY `CaracteristiquesPersonnages_Caracteristiques_FK` (`idCaracteristique`)
) ENGINE=MyISAM DEFAULT CHARSET=latin1 AUTO_INCREMENT=1 ;

-- --------------------------------------------------------

--
-- Structure de la table `CaracteristiquesProfessions`
--

CREATE TABLE IF NOT EXISTS `CaracteristiquesProfessions` (
  `idCaracteristiqueProfession` int(11) NOT NULL AUTO_INCREMENT,
  `idCaracteristique` int(11) NOT NULL,
  `idProfession` int(11) NOT NULL,
  `valeur` int(11) NOT NULL,
  PRIMARY KEY (`idCaracteristiqueProfession`),
  KEY `CaracteristiquesProfessions_Caracteristiques_FK` (`idCaracteristique`),
  KEY `CaracteristiquesProfessions_Professions_FK` (`idProfession`)
) ENGINE=MyISAM  DEFAULT CHARSET=latin1 AUTO_INCREMENT=16 ;

--
-- Contenu de la table `CaracteristiquesProfessions`
--

INSERT INTO `CaracteristiquesProfessions` (`idCaracteristiqueProfession`, `idCaracteristique`, `idProfession`, `valeur`) VALUES
(1, 1, 3, 8),
(2, 4, 3, 6),
(3, 2, 3, 6),
(4, 3, 3, 3),
(5, 5, 3, 2),
(6, 1, 1, 6),
(7, 4, 1, 6),
(8, 2, 1, 6),
(9, 3, 1, 3),
(10, 5, 1, 4),
(11, 1, 2, 2),
(12, 4, 2, 3),
(13, 2, 2, 5),
(14, 3, 2, 7),
(15, 5, 2, 8);

-- --------------------------------------------------------

--
-- Structure de la table `Competences`
--

CREATE TABLE IF NOT EXISTS `Competences` (
  `idCompetence` int(11) NOT NULL AUTO_INCREMENT,
  `idTypeCompetence` int(11) NOT NULL,
  `idEffet` int(11) DEFAULT NULL,
  `nom` varchar(31) NOT NULL,
  `valeurMin` int(11) NOT NULL DEFAULT '0',
  `valeurMax` int(11) NOT NULL DEFAULT '0',
  `energieUtilise` int(11) NOT NULL DEFAULT '0',
  `tempsRecharge` int(11) NOT NULL DEFAULT '0',
  `description` varchar(255) DEFAULT NULL,
  `image` varchar(255) DEFAULT NULL,
  PRIMARY KEY (`idCompetence`),
  UNIQUE KEY `idCompetence` (`idCompetence`),
  UNIQUE KEY `nom` (`nom`),
  KEY `Competences_TypesCompetences_FK` (`idTypeCompetence`)
) ENGINE=MyISAM  DEFAULT CHARSET=latin1 AUTO_INCREMENT=53 ;

--
-- Contenu de la table `Competences`
--

INSERT INTO `Competences` (`idCompetence`, `idTypeCompetence`, `idEffet`, `nom`, `valeurMin`, `valeurMax`, `energieUtilise`, `tempsRecharge`, `description`, `image`) VALUES
(1, 2, NULL, 'Attaque physique', 2, 5, 0, 1, 'Attaque simple effectué avec les pièces d''équipements portées. ', NULL),
(2, 1, NULL, 'Rayon horrifiant', 7, 12, 5, 3, 'Rayon rouge qui fait trembler l''ennemi de peur. ', NULL),
(3, 1, 1, 'Hurlement de terreur', 10, 18, 14, 4, 'Hurlement qui fige l''ennemi de peur. La cible ne peut pas attaquer pendant 2 tour.', NULL),
(4, 1, NULL, 'Coup mental', 20, 29, 27, 5, 'Sort magique qui trouble votre esprit et vous affaiblit. ', NULL),
(5, 2, NULL, 'Lancer de l''épée', 8, 12, 6, 2, 'Lance une épée qui afflige de lourd dégât à l''ennemi. ', NULL),
(6, 2, 2, 'Torture physique', 17, 21, 10, 4, 'Torture l''ennemi avec un couteau. La cible reçoit des dégâts par tour pendant 2 tour.', NULL),
(7, 2, NULL, 'Tuerie', 20, 30, 19, 5, 'Devient en furie et détruit tout sur son passage. ', NULL),
(8, 3, 4, 'Bouclier des éléments', 30, 35, 14, 3, 'Absorbe les dégâts reçut dans ce bouclier résistant. Le sort absorbe des dégats pendant 3 tour.', NULL),
(9, 4, NULL, 'Guérison chamanistique', 45, 49, 20, 4, 'Il se guérit avec les pouvoirs chamanique. ', NULL),
(10, 2, NULL, 'Attaque des éléments', 24, 30, 18, 3, 'Invoque la puissance de la nature puis la déchaine contre l''ennemi. ', NULL),
(11, 1, NULL, 'Attaque squelettique', 20, 28, 26, 2, 'Envoi une malédiction qui cible le squelette de l''ennemi . ', NULL),
(12, 1, NULL, 'Tempête de morts', 25, 30, 30, 3, 'Libère la colère des revenants sur l''ennemi. ', NULL),
(13, 1, 3, 'Feu démoniaque', 38, 45, 36, 4, 'Attaque l''ennemi avec le feu brûlant des enfers. La cible reçoit des dégâts de feu par tour pendant 3 tour.', NULL),
(14, 2, 2, 'Coup de griffe', 12, 20, 8, 3, 'Coup de griffe sauvage. La cible reçoit des dégâts par tour pendant 2 tour.', NULL),
(15, 2, NULL, 'Morsure endiablée', 18, 25, 14, 3, 'Attaque l''ennemi en le mordant avec la puissance de sa mâchoire. ', NULL),
(16, 2, NULL, 'Furie animale', 27, 34, 20, 4, 'Déclanche sa furie et attaque l''ennemi de multiple coups. ', NULL),
(17, 1, NULL, 'Coup demoniaque', 14, 27, 13, 2, 'Frappe l''ennemi avec la puissance des démons. ', NULL),
(18, 4, NULL, 'Rituel de guérison', 32, 47, 19, 3, 'Guérit la cible grâce à la puissance des ténèbres. ', NULL),
(19, 2, NULL, 'Coup des dieux corrompus', 29, 50, 29, 3, 'Frappe l''ennemi de toute sa puissance avec la hache légendaire des dieux célestes corrompu. ', NULL),
(20, 1, NULL, 'Boule de feu', 5, 10, 4, 2, 'Lance une boule de feu à l''ennemi. ', NULL),
(21, 3, 4, 'Armure Arcanique', 6, 14, 12, 3, 'Armure des arcanes. Le sort absorbe des dégats pendant 3 tour.', NULL),
(22, 1, NULL, 'Décharge électrique', 16, 25, 25, 4, 'Lance une décharge électrique à l''ennemi. ', NULL),
(23, 1, NULL, 'Coup divin', 4, 7, 3, 2, 'Attaque l''ennemi avec la puissance des dieux célestes. ', NULL),
(24, 4, NULL, 'Prière de guérison', 3, 7, 5, 3, 'Implore les dieux pour le guérir de ses douleurs et lui donner de la vie. ', NULL),
(25, 2, NULL, 'Marteau des dieux', 14, 21, 17, 4, 'Les dieux enchantent l''arme et la transforme en marteau céleste. ', NULL),
(26, 3, 4, 'Peau d''acier', 4, 8, 2, 3, 'La peau de la cible se durcit et devient aussi dure que l''acier. Le sort absorbe des dégats pendant 3 tour.', NULL),
(27, 2, NULL, 'Attaque précise', 12, 16, 5, 3, 'Concentre son attaque sur un même point précis. ', NULL),
(28, 2, NULL, 'Vision de sang', 15, 22, 12, 4, 'Devient fou et veut voir son ennemi ensanglanté. ', NULL),
(29, 2, 5, 'Tir gelé', 15, 22, 12, 4, 'La peau de la cible se durcit et devient aussi dure que l''acier. L''ennemi est gelé et sa vitesse est baissé de moitié pendant 3 tour.', NULL),
(30, 2, NULL, 'Tir explosif', 15, 22, 12, 4, 'Projectile doté de poudre à canon explosive. ', NULL),
(31, 2, NULL, 'Empoisonnement', 15, 22, 12, 4, 'Coup qui empoisonne instantanemment son adversaire pour des dégâts immédiat. ', NULL),
(32, 2, NULL, 'Tir rapide', 15, 22, 12, 4, 'Tir des projectiles très rapidement envers son adversaire. ', NULL),
(33, 3, 4, 'Gardien', 15, 20, 7, 4, 'Bouclier divin pouvant absorber les dégats pendant 3', NULL),
(34, 1, NULL, 'Souffle de feu', 15, 22, 12, 4, 'Envoie des flammes vers son adversaire. ', NULL),
(35, 2, 6, 'Mouvement agile', 15, 22, 12, 4, 'Bouge avec dextérité pour atteindre son adversaire avec peu de chance de raté. ', NULL),
(36, 2, 7, 'Pétrification', 15, 22, 12, 4, 'Faire peur à son ennemi lui infligeant des dégâts et le fige. ', NULL),
(37, 4, 5, 'Régénération', 15, 22, 12, 4, 'Se redonne des points de vie. ', NULL),
(38, 2, 5, 'Invisibilité', 15, 22, 12, 4, 'Devient invisible et absorbe des dégâts pendant X tours. ', NULL),
(39, 2, 5, 'Attaque rapide', 15, 22, 12, 4, 'Attaque son adversaire rapidement avec des coups remplis de force. ', NULL),
(40, 2, 5, 'Rafale de tentacules', 15, 22, 12, 4, 'Attaque son ennemi rapidement avec des coups de tentacules. ', NULL),
(41, 2, 5, 'Invocation des morts', 15, 22, 12, 4, 'Invoque un mort attaquant l''adversaire, le mort retourne d''où il vient après le tour. ', NULL),
(42, 2, 5, 'Tremblement de terre', 15, 22, 12, 4, 'Créer un tremblement de terre. ', NULL),
(43, 2, 5, 'Cri strident', 15, 22, 12, 4, 'Cri de manière déstabilisante. ', NULL),
(44, 2, 5, 'Coup ailé', 15, 22, 12, 4, 'Donne un coup d''aile à son adversaire. ', NULL),
(45, 2, 5, 'Piétinement', 15, 22, 12, 4, 'Fonce vers son adversaire et le piétine. ', NULL),
(46, 2, 5, 'Mélodie enchantée', 15, 22, 12, 4, 'Joue une mélodie qui est accompagné d''un sort maléfique. ', NULL),
(47, 2, 5, 'Coup foudroyant', 15, 22, 12, 4, 'Inflige un coup enchanté par la foudre à son adversaire. ', NULL),
(48, 2, 5, 'Confusion', 15, 22, 12, 4, 'Jette un sort à son adversaire le plongeant dans la confusion pour X tours. ', NULL),
(49, 2, 5, 'Instabilité', 15, 22, 12, 4, 'Donne un coup précis à son adversaire, le rendant instable pour X tours. ', NULL),
(50, 2, 5, 'Morsure', 15, 22, 12, 4, 'Fonce vers son adversaire et le mord. ', NULL),
(51, 2, 5, 'Coup féroce', 15, 22, 12, 4, 'Attaque son adversaire d''un coup quasiment animal.', NULL),
(52, 2, 5, 'Coup de corne', 15, 22, 12, 4, 'Attaque son adversaire avec ses cornes. ', NULL);

-- --------------------------------------------------------

--
-- Structure de la table `CompetencesEnnemis`
--

CREATE TABLE IF NOT EXISTS `CompetencesEnnemis` (
  `idCompetenceEnnemi` int(11) NOT NULL AUTO_INCREMENT,
  `idCompetence` int(11) NOT NULL,
  `idEnnemi` int(11) NOT NULL,
  PRIMARY KEY (`idCompetenceEnnemi`),
  UNIQUE KEY `idCompetenceEnnemi` (`idCompetenceEnnemi`),
  KEY `CompetencesEnnemis_Competences_FK` (`idCompetence`),
  KEY `CompetencesEnnemis_Ennemis_FK` (`idEnnemi`)
) ENGINE=MyISAM  DEFAULT CHARSET=latin1 AUTO_INCREMENT=80 ;

--
-- Contenu de la table `CompetencesEnnemis`
--

INSERT INTO `CompetencesEnnemis` (`idCompetenceEnnemi`, `idCompetence`, `idEnnemi`) VALUES
(1, 1, 1),
(2, 2, 1),
(3, 3, 1),
(4, 4, 1),
(5, 1, 2),
(6, 5, 2),
(7, 6, 2),
(8, 7, 2),
(9, 1, 3),
(10, 8, 3),
(11, 9, 3),
(12, 10, 3),
(13, 1, 4),
(14, 11, 4),
(15, 13, 4),
(16, 12, 4),
(17, 1, 5),
(18, 14, 5),
(19, 15, 5),
(20, 16, 5),
(21, 1, 6),
(22, 17, 6),
(23, 18, 6),
(24, 19, 6),
(25, 1, 7),
(26, 33, 7),
(27, 1, 8),
(28, 31, 8),
(29, 1, 9),
(30, 32, 9),
(31, 1, 10),
(32, 34, 10),
(33, 14, 10),
(34, 1, 11),
(35, 29, 11),
(36, 30, 11),
(37, 1, 12),
(38, 35, 12),
(39, 1, 13),
(40, 36, 13),
(41, 1, 14),
(42, 37, 14),
(43, 1, 15),
(44, 38, 15),
(45, 1, 16),
(46, 39, 16),
(47, 1, 17),
(48, 40, 17),
(49, 1, 18),
(50, 52, 18),
(51, 1, 19),
(52, 16, 19),
(53, 1, 20),
(54, 41, 20),
(55, 1, 21),
(56, 42, 21),
(57, 1, 22),
(58, 43, 22),
(59, 44, 22),
(60, 1, 23),
(61, 52, 23),
(62, 45, 23),
(63, 1, 24),
(64, 46, 24),
(65, 1, 25),
(66, 47, 25),
(67, 1, 26),
(68, 48, 26),
(69, 49, 26),
(70, 1, 27),
(71, 50, 27),
(72, 35, 27),
(73, 1, 28),
(74, 15, 28),
(75, 1, 29),
(76, 51, 29),
(77, 1, 30),
(78, 37, 30),
(79, 31, 30);

-- --------------------------------------------------------

--
-- Structure de la table `CompetencesProfessions`
--

CREATE TABLE IF NOT EXISTS `CompetencesProfessions` (
  `idCompetenceProfession` int(11) NOT NULL AUTO_INCREMENT,
  `idCompetence` int(11) NOT NULL,
  `idProfession` int(11) NOT NULL,
  PRIMARY KEY (`idCompetenceProfession`),
  UNIQUE KEY `idCompetenceProfession` (`idCompetenceProfession`),
  KEY `CompetencesProfessions_Competences_FK` (`idCompetence`),
  KEY `CompetencesProfessions_Professions_FK` (`idProfession`)
) ENGINE=MyISAM  DEFAULT CHARSET=latin1 AUTO_INCREMENT=13 ;

--
-- Contenu de la table `CompetencesProfessions`
--

INSERT INTO `CompetencesProfessions` (`idCompetenceProfession`, `idCompetence`, `idProfession`) VALUES
(1, 1, 3),
(2, 26, 3),
(3, 27, 3),
(4, 28, 3),
(5, 1, 1),
(6, 23, 1),
(7, 24, 1),
(8, 25, 1),
(9, 1, 2),
(10, 20, 2),
(11, 21, 2),
(12, 22, 2);

-- --------------------------------------------------------

--
-- Structure de la table `Consommations`
--

CREATE TABLE IF NOT EXISTS `Consommations` (
  `idConsommation` int(11) NOT NULL AUTO_INCREMENT,
  `idTypeConsommation` int(11) NOT NULL,
  `nom` varchar(51) NOT NULL,
  `prix` double NOT NULL DEFAULT '0',
  `valeurPourcentage` int(11) NOT NULL,
  `image` varchar(255) DEFAULT NULL,
  PRIMARY KEY (`idConsommation`),
  UNIQUE KEY `idConsommation` (`idConsommation`)
) ENGINE=MyISAM  DEFAULT CHARSET=latin1 AUTO_INCREMENT=3 ;

--
-- Contenu de la table `Consommations`
--

INSERT INTO `Consommations` (`idConsommation`, `idTypeConsommation`, `nom`, `prix`, `valeurPourcentage`, `image`) VALUES
(1, 1, 'Potion de vie', 120, 30, NULL),
(2, 2, 'Potion énergie', 120, 30, NULL);

-- --------------------------------------------------------

--
-- Structure de la table `Effets`
--

CREATE TABLE IF NOT EXISTS `Effets` (
  `idEffet` int(11) NOT NULL AUTO_INCREMENT,
  `nom` varchar(21) NOT NULL,
  `description` varchar(255) NOT NULL,
  `tempsEffets` int(11) NOT NULL,
  PRIMARY KEY (`idEffet`),
  UNIQUE KEY `idEffet` (`idEffet`)
) ENGINE=MyISAM  DEFAULT CHARSET=latin1 AUTO_INCREMENT=10 ;

--
-- Contenu de la table `Effets`
--

INSERT INTO `Effets` (`idEffet`, `nom`, `description`, `tempsEffets`) VALUES
(1, 'Peur', 'La cible ne peut pas attaquer', 2),
(2, 'Saignement', 'La cible reçoit des dégâts par tour', 2),
(3, 'Brulure', 'La cible reçoit des dégâts de feu par tour', 3),
(4, 'Protection', 'Le sort absorbe des dégats', 3),
(5, 'Glacé', 'L''ennemi est gelé et sa vitesse est baissé de moitié', 3),
(6, 'Rapidité accru', 'La vitesse est augmenté de 50%', 3),
(7, 'Immobile', 'L''ennemi ne peut pas attaqué', 2),
(8, 'Manipulation', 'La cible s''inflige des dégats avec sa propre attaque', 0),
(9, 'Empoisonné', 'La cible reçoit des dégâts par tour', 3);

-- --------------------------------------------------------

--
-- Structure de la table `Ennemis`
--

CREATE TABLE IF NOT EXISTS `Ennemis` (
  `idEnnemi` int(11) NOT NULL AUTO_INCREMENT,
  `nom` varchar(31) NOT NULL,
  `niveau` int(11) NOT NULL DEFAULT '1',
  `image` varchar(255) DEFAULT NULL,
  `boss` tinyint(1) DEFAULT '0',
  PRIMARY KEY (`idEnnemi`),
  UNIQUE KEY `idEnnemi` (`idEnnemi`),
  UNIQUE KEY `nom` (`nom`)
) ENGINE=MyISAM  DEFAULT CHARSET=latin1 AUTO_INCREMENT=31 ;

--
-- Contenu de la table `Ennemis`
--

INSERT INTO `Ennemis` (`idEnnemi`, `nom`, `niveau`, `image`, `boss`) VALUES
(1, 'Azazel', 3, 'resources/images/ennemis/azazel.png', 1),
(2, 'Moguarnoch', 6, 'resources/images/ennemis/moguarnoch.png', 1),
(3, 'Zakuta', 9, 'resources/images/ennemis/zakuta.png', 1),
(4, 'Ful''kitak', 12, 'resources/images/ennemis/fulkitak.png', 1),
(5, 'Harfanghei', 15, 'resources/images/ennemis/harfanghei.png', 1),
(6, 'Arkanos', 18, 'resources/images/ennemis/arkanos.png', 1),
(7, 'Ange déchu', 1, 'resources/images/ennemis/angeDechu.png', 0),
(8, 'Bandit', 1, 'resources/images/ennemis/bandit.png', 0),
(9, 'Centaure', 1, 'resources/images/ennemis/centaure.png', 0),
(10, 'Dragon', 1, 'resources/images/ennemis/dragon.png', 0),
(11, 'Elfe', 1, 'resources/images/ennemis/elfe.png', 0),
(12, 'Farfadet', 1, 'resources/images/ennemis/farfadet.png', 0),
(13, 'Gorgone', 1, 'resources/images/ennemis/gorgone.png', 0),
(14, 'Hydre', 1, 'resources/images/ennemis/hydre.png', 0),
(15, 'Iguane démoniaque', 1, 'resources/images/ennemis/iguane.png', 0),
(16, 'Jaguar géant', 1, 'resources/images/ennemis/jaguar.png', 0),
(17, 'Kraken', 1, 'resources/images/ennemis/kraken.png', 0),
(18, 'Licorne', 1, 'resources/images/ennemis/licorne.png', 0),
(19, 'Minotaure', 1, 'resources/images/ennemis/minotaure.png', 0),
(20, 'Nécromancien', 1, 'resources/images/ennemis/necromancien.png', 0),
(21, 'Ogre', 1, 'resources/images/ennemis/ogre.png', 0),
(22, 'Ptérodactyle', 1, 'resources/images/ennemis/pterodactyle.png', 0),
(23, 'Rhinocéros sauvage', 1, 'resources/images/ennemis/rhinoceros.png', 0),
(24, 'Satyre', 1, 'resources/images/ennemis/satyre.png', 0),
(25, 'Troll', 1, 'resources/images/ennemis/troll.png', 0),
(26, 'Ubuntu', 1, 'resources/images/ennemis/ubuntu.png', 0),
(27, 'Vampire', 1, 'resources/images/ennemis/vampire.png', 0),
(28, 'Worg', 1, 'resources/images/ennemis/worg.png', 0),
(29, 'Yéti', 1, 'resources/images/ennemis/yeti.png', 0),
(30, 'Zombie', 1, 'resources/images/ennemis/zombie.png', 0);

-- --------------------------------------------------------

--
-- Structure de la table `Equipements`
--

CREATE TABLE IF NOT EXISTS `Equipements` (
  `idEquipement` int(11) NOT NULL AUTO_INCREMENT,
  `idEquipementModele` int(11) NOT NULL,
  PRIMARY KEY (`idEquipement`),
  UNIQUE KEY `idEquipement` (`idEquipement`),
  KEY `Equipements_EquipementsModeles_FK` (`idEquipementModele`)
) ENGINE=MyISAM DEFAULT CHARSET=latin1 AUTO_INCREMENT=1 ;

-- --------------------------------------------------------

--
-- Structure de la table `EquipementsModeles`
--

CREATE TABLE IF NOT EXISTS `EquipementsModeles` (
  `idEquipementModele` int(11) NOT NULL AUTO_INCREMENT,
  `idModele` int(11) NOT NULL,
  `niveauEquipement` int(11) NOT NULL,
  `nom` varchar(51) NOT NULL,
  `prix` double NOT NULL DEFAULT '0',
  `image` varchar(255) DEFAULT NULL,
  `degatMin` int(11) NOT NULL DEFAULT '0',
  `degatMax` int(11) NOT NULL DEFAULT '0',
  PRIMARY KEY (`idEquipementModele`),
  UNIQUE KEY `idEquipementModele` (`idEquipementModele`),
  KEY `EquipementsModeles_Modeles_FK` (`idModele`)
) ENGINE=MyISAM  DEFAULT CHARSET=latin1 AUTO_INCREMENT=249 ;

--
-- Contenu de la table `EquipementsModeles`
--

INSERT INTO `EquipementsModeles` (`idEquipementModele`, `idModele`, `niveauEquipement`, `nom`, `prix`, `image`, `degatMin`, `degatMax`) VALUES
(1, 6, 1, 'Plastron de cuir', 7.07, 'resources/images/objets/plate.png', 0, 0),
(2, 6, 1, 'Robe de tissu', 7.07, 'resources/images/objets/robe.png', 0, 0),
(3, 8, 1, 'Pantalon de cuir', 7.07, 'resources/images/objets/pants.png', 0, 0),
(4, 8, 1, 'Pantalon de tissu', 7.07, 'resources/images/objets/legging.png', 0, 0),
(5, 5, 1, 'Épaulettes de cuir', 4.71, 'resources/images/objets/epaulette.png', 0, 0),
(6, 5, 1, 'Épaulières de tissu', 4.71, 'resources/images/objets/epauletteCuir.png', 0, 0),
(7, 4, 1, 'Casque de cuir', 4.71, 'resources/images/objets/casque.png', 0, 0),
(8, 4, 1, 'Couronne', 4.71, 'resources/images/objets/couronne.png', 0, 0),
(9, 7, 1, 'Bottes de cuir', 4.71, 'resources/images/objets/bottes.png', 0, 0),
(10, 7, 1, 'Souliers', 4.71, 'resources/images/objets/soulier.png', 0, 0),
(11, 6, 3, 'Plastron rouillé', 134.3, 'resources/images/objets/plate.png', 0, 0),
(12, 6, 3, 'Robe de tissu renforcé', 134.3, 'resources/images/objets/robe.png', 0, 0),
(13, 8, 3, 'Pantalon rouillé', 134.3, 'resources/images/objets/pants.png', 0, 0),
(14, 8, 3, 'Pantalon de tissu renforcé', 134.3, 'resources/images/objets/legging.png', 0, 0),
(15, 5, 3, 'Épaulettes rouillées', 89.54, 'resources/images/objets/epaulette.png', 0, 0),
(16, 5, 3, 'Épaulières de tissu renforcé', 89.54, 'resources/images/objets/epauletteCuir.png', 0, 0),
(17, 4, 3, 'Casque rouillé', 89.54, 'resources/images/objets/casque.png', 0, 0),
(18, 4, 3, 'Couronne rouillée', 89.54, 'resources/images/objets/couronne.png', 0, 0),
(19, 7, 3, 'Bottes rouillées', 89.54, 'resources/images/objets/bottes.png', 0, 0),
(20, 7, 3, 'Souliers rouillés', 89.54, 'resources/images/objets/soulier.png', 0, 0),
(21, 6, 4, 'Plastron magique', 311.02, 'resources/images/objets/plate.png', 0, 0),
(22, 6, 4, 'Robe magique', 311.02, 'resources/images/objets/robe.png', 0, 0),
(23, 8, 4, 'Pantalon magique', 311.02, 'resources/images/objets/pants.png', 0, 0),
(24, 8, 4, 'Leggings magiques', 311.02, 'resources/images/objets/legging.png', 0, 0),
(25, 5, 4, 'Épaulettes magiques', 207.35, 'resources/images/objets/epaulette.png', 0, 0),
(26, 5, 4, 'Épaulières magiques', 207.35, 'resources/images/objets/epauletteCuir.png', 0, 0),
(27, 4, 4, 'Casque magique', 207.35, 'resources/images/objets/casque.png', 0, 0),
(28, 4, 4, 'Couronne magique', 207.35, 'resources/images/objets/couronne.png', 0, 0),
(29, 7, 4, 'Bottes magiques', 207.35, 'resources/images/objets/bottes.png', 0, 0),
(30, 7, 4, 'Souliers magiques', 207.35, 'resources/images/objets/soulier.png', 0, 0),
(31, 6, 6, 'Plastron de maille', 1032.02, 'resources/images/objets/plate.png', 0, 0),
(32, 6, 6, 'Robe de maille', 1032.02, 'resources/images/objets/robe.png', 0, 0),
(33, 8, 6, 'Pantalon de maille', 1032.02, 'resources/images/objets/pants.png', 0, 0),
(34, 8, 6, 'Leggings de maille', 1032.02, 'resources/images/objets/legging.png', 0, 0),
(35, 5, 6, 'Épaulettes de maille', 688.01, 'resources/images/objets/epaulette.png', 0, 0),
(36, 5, 6, 'Épaulières de maille', 688.01, 'resources/images/objets/epauletteCuir.png', 0, 0),
(37, 4, 6, 'Casque de maille', 688.01, 'resources/images/objets/casque.png', 0, 0),
(38, 4, 6, 'Couronne de maille', 688.01, 'resources/images/objets/couronne.png', 0, 0),
(39, 7, 6, 'Bottes de maille', 688.01, 'resources/images/objets/bottes.png', 0, 0),
(40, 7, 6, 'Souliers de maille', 688.01, 'resources/images/objets/soulier.png', 0, 0),
(41, 6, 7, 'Plastron de bronze', 1632.84, 'resources/images/objets/plate.png', 0, 0),
(42, 6, 7, 'Robe de bronze', 1632.84, 'resources/images/objets/robe.png', 0, 0),
(43, 8, 7, 'Pantalon de bronze', 1632.84, 'resources/images/objets/pants.png', 0, 0),
(44, 8, 7, 'Leggings de bronze', 1632.84, 'resources/images/objets/legging.png', 0, 0),
(45, 5, 7, 'Épaulettes de bronze', 1088.56, 'resources/images/objets/epaulette.png', 0, 0),
(46, 5, 7, 'Épaulières de bronze', 1088.56, 'resources/images/objets/epauletteCuir.png', 0, 0),
(47, 4, 7, 'Casque de bronze', 1088.56, 'resources/images/objets/casque.png', 0, 0),
(48, 4, 7, 'Couronne de bronze', 1088.56, 'resources/images/objets/couronne.png', 0, 0),
(49, 7, 7, 'Bottes de bronze', 1088.56, 'resources/images/objets/bottes.png', 0, 0),
(50, 7, 7, 'Souliers de bronze', 1088.56, 'resources/images/objets/soulier.png', 0, 0),
(51, 6, 9, 'Plastron de fer', 3456.54, 'resources/images/objets/plate.png', 0, 0),
(52, 6, 9, 'Robe de fer', 3456.54, 'resources/images/objets/robe.png', 0, 0),
(53, 8, 9, 'Pantalon de fer', 3456.54, 'resources/images/objets/pants.png', 0, 0),
(54, 8, 9, 'Leggings de fer', 3456.54, 'resources/images/objets/legging.png', 0, 0),
(55, 5, 9, 'Épaulettes de fer', 2304.36, 'resources/images/objets/epaulette.png', 0, 0),
(56, 5, 9, 'Épaulières de fer', 2304.36, 'resources/images/objets/epauletteCuir.png', 0, 0),
(57, 4, 9, 'Casque de fer', 2304.36, 'resources/images/objets/casque.png', 0, 0),
(58, 4, 9, 'Couronne de fer', 2304.36, 'resources/images/objets/couronne.png', 0, 0),
(59, 7, 9, 'Bottes de fer', 2304.36, 'resources/images/objets/bottes.png', 0, 0),
(60, 7, 9, 'Souliers de fer', 2304.36, 'resources/images/objets/soulier.png', 0, 0),
(61, 6, 10, 'Plastron enchanté', 4735.96, 'resources/images/objets/plate.png', 0, 0),
(62, 6, 10, 'Robe enchantée', 4735.96, 'resources/images/objets/robe.png', 0, 0),
(63, 8, 10, 'Pantalon enchanté', 4735.96, 'resources/images/objets/pants.png', 0, 0),
(64, 8, 10, 'Leggings enchantés', 4735.96, 'resources/images/objets/legging.png', 0, 0),
(65, 5, 10, 'Épaulettes enchantées', 3157.3, 'resources/images/objets/epaulette.png', 0, 0),
(66, 5, 10, 'Épaulières enchantées', 3157.3, 'resources/images/objets/epauletteCuir.png', 0, 0),
(67, 4, 10, 'Casque enchanté', 3157.3, 'resources/images/objets/casque.png', 0, 0),
(68, 4, 10, 'Couronne enchantée', 3157.3, 'resources/images/objets/couronne.png', 0, 0),
(69, 7, 10, 'Bottes enchantées', 3157.3, 'resources/images/objets/bottes.png', 0, 0),
(70, 7, 10, 'Souliers enchantés', 3157.3, 'resources/images/objets/soulier.png', 0, 0),
(71, 6, 12, 'Plastron maudit', 8171.3, 'resources/images/objets/plate.png', 0, 0),
(72, 6, 12, 'Robe maudite', 8171.3, 'resources/images/objets/robe.png', 0, 0),
(73, 8, 12, 'Pantalon maudit', 8171.3, 'resources/images/objets/pants.png', 0, 0),
(74, 8, 12, 'Leggings maudits', 8171.3, 'resources/images/objets/legging.png', 0, 0),
(75, 5, 12, 'Épaulettes maudites', 5447.53, 'resources/images/objets/epaulette.png', 0, 0),
(76, 5, 12, 'Épaulières maudites', 5447.53, 'resources/images/objets/epauletteCuir.png', 0, 0),
(77, 4, 12, 'Casque maudit', 5447.53, 'resources/images/objets/casque.png', 0, 0),
(78, 4, 12, 'Couronne maudite', 5447.53, 'resources/images/objets/couronne.png', 0, 0),
(79, 7, 12, 'Bottes maudites', 5447.53, 'resources/images/objets/bottes.png', 0, 0),
(80, 7, 12, 'Souliers maudits', 5447.53, 'resources/images/objets/soulier.png', 0, 0),
(81, 6, 13, 'Plastron sacré', 10383.77, 'resources/images/objets/plate.png', 0, 0),
(82, 6, 13, 'Robe sacrée', 10383.77, 'resources/images/objets/robe.png', 0, 0),
(83, 8, 13, 'Pantalon sacré', 10383.77, 'resources/images/objets/pants.png', 0, 0),
(84, 8, 13, 'Leggings sacrés', 10383.77, 'resources/images/objets/legging.png', 0, 0),
(85, 5, 13, 'Épaulettes sacrées', 6922.52, 'resources/images/objets/epaulette.png', 0, 0),
(86, 5, 13, 'Épaulières sacrées', 6922.52, 'resources/images/objets/epauletteCuir.png', 0, 0),
(87, 4, 13, 'Casque sacré', 6922.52, 'resources/images/objets/casque.png', 0, 0),
(88, 4, 13, 'Couronne sacrée', 6922.52, 'resources/images/objets/couronne.png', 0, 0),
(89, 7, 13, 'Bottes sacrées', 6922.52, 'resources/images/objets/bottes.png', 0, 0),
(90, 7, 13, 'Souliers sacrés', 6922.52, 'resources/images/objets/soulier.png', 0, 0),
(91, 6, 15, 'Plastron en or', 15939.69, 'resources/images/objets/plate.png', 0, 0),
(92, 6, 15, 'Robe en or', 15939.69, 'resources/images/objets/robe.png', 0, 0),
(93, 8, 15, 'Pantalon en or', 15939.69, 'resources/images/objets/pants.png', 0, 0),
(94, 8, 15, 'Leggings en or', 15939.69, 'resources/images/objets/legging.png', 0, 0),
(95, 5, 15, 'Épaulettes en or', 10626.46, 'resources/images/objets/epaulette.png', 0, 0),
(96, 5, 15, 'Épaulières en or', 10626.46, 'resources/images/objets/epauletteCuir.png', 0, 0),
(97, 4, 15, 'Casque en or', 10626.46, 'resources/images/objets/casque.png', 0, 0),
(98, 4, 15, 'Couronne en or', 10626.46, 'resources/images/objets/couronne.png', 0, 0),
(99, 7, 15, 'Bottes en or', 10626.46, 'resources/images/objets/bottes.png', 0, 0),
(100, 7, 15, 'Souliers en or', 10626.46, 'resources/images/objets/soulier.png', 0, 0),
(101, 6, 16, 'Plastron héroïque', 19339.7, 'resources/images/objets/plate.png', 0, 0),
(102, 6, 16, 'Robe héroïque', 19339.7, 'resources/images/objets/robe.png', 0, 0),
(103, 8, 16, 'Pantalon héroïque', 19339.7, 'resources/images/objets/pants.png', 0, 0),
(104, 8, 16, 'Leggings héroïques', 19339.7, 'resources/images/objets/legging.png', 0, 0),
(105, 5, 16, 'Épaulettes héroïques', 12893.13, 'resources/images/objets/epaulette.png', 0, 0),
(106, 5, 16, 'Épaulières héroïques', 12893.13, 'resources/images/objets/epauletteCuir.png', 0, 0),
(107, 4, 16, 'Casque héroïque', 12893.13, 'resources/images/objets/casque.png', 0, 0),
(108, 4, 16, 'Couronne héroïque', 12893.13, 'resources/images/objets/couronne.png', 0, 0),
(109, 7, 16, 'Bottes héroïques', 12893.13, 'resources/images/objets/bottes.png', 0, 0),
(110, 7, 16, 'Souliers héroïques', 12893.13, 'resources/images/objets/soulier.png', 0, 0),
(111, 6, 18, 'Plastron légendaire', 23192.08, 'resources/images/objets/plate.png', 0, 0),
(112, 6, 18, 'Robe légendaire', 23192.08, 'resources/images/objets/robe.png', 0, 0),
(113, 8, 18, 'Pantalon légendaire', 23192.08, 'resources/images/objets/pants.png', 0, 0),
(114, 8, 18, 'Leggings légendaires', 23192.08, 'resources/images/objets/legging.png', 0, 0),
(115, 5, 18, 'Épaulettes légendaires', 15461.38, 'resources/images/objets/epaulette.png', 0, 0),
(116, 5, 18, 'Épaulières légendaires', 15461.38, 'resources/images/objets/epauletteCuir.png', 0, 0),
(117, 4, 18, 'Casque légendaire', 15461.38, 'resources/images/objets/casque.png', 0, 0),
(118, 4, 18, 'Couronne légendaire', 15461.38, 'resources/images/objets/couronne.png', 0, 0),
(119, 7, 18, 'Bottes légendaires', 15461.38, 'resources/images/objets/bottes.png', 0, 0),
(120, 7, 18, 'Souliers légendaires', 15461.38, 'resources/images/objets/soulier.png', 0, 0),
(121, 6, 19, 'Plastron de diamant', 32367.12, 'resources/images/objets/plate.png', 0, 0),
(122, 6, 19, 'Robe de diamant', 32367.12, 'resources/images/objets/robe.png', 0, 0),
(123, 8, 19, 'Pantalon de diamant', 32367.12, 'resources/images/objets/pants.png', 0, 0),
(124, 8, 19, 'Leggings de diamant', 32367.12, 'resources/images/objets/legging.png', 0, 0),
(125, 5, 19, 'Épaulettes de diamant', 21578.08, 'resources/images/objets/epaulette.png', 0, 0),
(126, 5, 19, 'Épaulières de diamant', 21578.08, 'resources/images/objets/epauletteCuir.png', 0, 0),
(127, 4, 19, 'Casque de diamant', 21578.08, 'resources/images/objets/casque.png', 0, 0),
(128, 4, 19, 'Couronne de diamant', 21578.08, 'resources/images/objets/couronne.png', 0, 0),
(129, 7, 19, 'Bottes de diamant', 21578.08, 'resources/images/objets/bottes.png', 0, 0),
(130, 7, 19, 'Souliers de diamant', 21578.08, 'resources/images/objets/soulier.png', 0, 0),
(131, 6, 20, 'Plastron céleste', 37746.32, 'resources/images/objets/plate.png', 0, 0),
(132, 6, 20, 'Robe céleste', 37746.32, 'resources/images/objets/robe.png', 0, 0),
(133, 8, 20, 'Pantalon céleste', 37746.32, 'resources/images/objets/pants.png', 0, 0),
(134, 8, 20, 'Leggings célestes', 37746.32, 'resources/images/objets/legging.png', 0, 0),
(135, 5, 20, 'Épaulettes célestes', 25164.22, 'resources/images/objets/epaulette.png', 0, 0),
(136, 5, 20, 'Épaulières célestes', 25164.22, 'resources/images/objets/epauletteCuir.png', 0, 0),
(137, 4, 20, 'Casque céleste', 25164.22, 'resources/images/objets/casque.png', 0, 0),
(138, 4, 20, 'Couronne céleste', 25164.22, 'resources/images/objets/couronne.png', 0, 0),
(139, 7, 20, 'Bottes célestes', 25164.22, 'resources/images/objets/bottes.png', 0, 0),
(140, 7, 20, 'Souliers célestes', 25164.22, 'resources/images/objets/soulier.png', 0, 0),
(141, 2, 1, 'Épée de pratique', 7.07, 'resources/images/objets/epeeDeuxMains.png', 2, 4),
(142, 2, 1, 'Bâton de pratique', 7.07, 'resources/images/objets/batonBleu.png', 2, 4),
(143, 1, 1, 'Marteau de pratique', 4.71, 'resources/images/objets/marteau.png', 1, 3),
(144, 3, 1, 'Bouclier de pratique', 4.71, 'resources/images/objets/bouclier.png', 0, 0),
(145, 2, 3, 'Épée rouillée', 134.3, 'resources/images/objets/epeeDeuxMains.png', 3, 6),
(146, 2, 3, 'Bâton rouillé', 134.3, 'resources/images/objets/batonBleu.png', 3, 6),
(147, 1, 3, 'Marteau rouillé', 89.54, 'resources/images/objets/marteau.png', 2, 5),
(148, 3, 3, 'Bouclier rouillé', 89.54, 'resources/images/objets/bouclier.png', 0, 0),
(149, 1, 3, 'Dague rouillée', 89.54, 'resources/images/objets/epee.png', 2, 5),
(150, 1, 3, 'Baguette rouillée', 89.54, 'resources/images/objets/batonRouge.png', 2, 5),
(151, 2, 3, 'Hache rouillée', 134.3, 'resources/images/objets/hache.png', 3, 6),
(152, 2, 3, 'Lance rouillée', 134.3, 'resources/images/objets/lance.png', 3, 6),
(153, 2, 4, 'Épée magique', 311.02, 'resources/images/objets/epeeDeuxMains.png', 4, 8),
(154, 2, 4, 'Bâton magique', 311.02, 'resources/images/objets/batonBleu.png', 4, 8),
(155, 1, 4, 'Marteau magique', 207.35, 'resources/images/objets/marteau.png', 2, 6),
(156, 3, 4, 'Bouclier magique', 207.35, 'resources/images/objets/bouclier.png', 2, 6),
(157, 1, 4, 'Dague magique', 207.35, 'resources/images/objets/epee.png', 2, 6),
(158, 1, 4, 'Baguette magique', 207.35, 'resources/images/objets/batonRouge.png', 2, 6),
(159, 2, 4, 'Hache magique', 311.02, 'resources/images/objets/hache.png', 4, 8),
(160, 2, 4, 'Lance magique', 311.02, 'resources/images/objets/lance.png', 4, 8),
(161, 2, 6, 'Épée élémentale', 1032.02, 'resources/images/objets/epeeDeuxMains.png', 6, 12),
(162, 2, 6, 'Bâton élémental', 1032.02, 'resources/images/objets/batonBleu.png', 6, 12),
(163, 1, 6, 'Marteau élémental', 688.01, 'resources/images/objets/marteau.png', 3, 9),
(164, 3, 6, 'Bouclier élémental', 688.01, 'resources/images/objets/bouclier.png', 3, 9),
(165, 1, 6, 'Dague élémentale', 688.01, 'resources/images/objets/epee.png', 3, 9),
(166, 1, 6, 'Baguette élémentale', 688.01, 'resources/images/objets/batonRouge.png', 3, 9),
(167, 2, 6, 'Hache élémentale', 1032.02, 'resources/images/objets/hache.png', 6, 12),
(168, 2, 6, 'Lance élémentale', 1032.02, 'resources/images/objets/lance.png', 6, 12),
(169, 2, 7, 'Épée de bronze', 1632.84, 'resources/images/objets/epeeDeuxMains.png', 7, 14),
(170, 2, 7, 'Bâton de bronze', 1632.84, 'resources/images/objets/batonBleu.png', 7, 14),
(171, 1, 7, 'Marteau de bronze', 1088.56, 'resources/images/objets/marteau.png', 4, 11),
(172, 3, 7, 'Bouclier de bronze', 1088.56, 'resources/images/objets/bouclier.png', 0, 0),
(173, 1, 7, 'Dague de bronze', 1088.56, 'resources/images/objets/epee.png', 4, 11),
(174, 1, 7, 'Baguette de bronze', 1088.56, 'resources/images/objets/batonRouge.png', 4, 11),
(175, 2, 7, 'Hache de bronze', 1632.84, 'resources/images/objets/hache.png', 7, 14),
(176, 2, 7, 'Lance de bronze', 1632.84, 'resources/images/objets/lance.png', 7, 14),
(177, 2, 9, 'Épée de fer', 3456.54, 'resources/images/objets/epeeDeuxMains.png', 9, 18),
(178, 2, 9, 'Bâton de fer', 3456.54, 'resources/images/objets/batonBleu.png', 9, 18),
(179, 1, 9, 'Marteau de fer', 2304.36, 'resources/images/objets/marteau.png', 5, 14),
(180, 3, 9, 'Bouclier de fer', 2304.36, 'resources/images/objets/bouclier.png', 0, 0),
(181, 1, 9, 'Dague de fer', 2304.36, 'resources/images/objets/epee.png', 5, 14),
(182, 1, 9, 'Baguette de fer', 2304.36, 'resources/images/objets/batonRouge.png', 5, 14),
(183, 2, 9, 'Hache de fer', 3456.54, 'resources/images/objets/hache.png', 9, 18),
(184, 2, 9, 'Lance de fer', 3456.54, 'resources/images/objets/lance.png', 9, 18),
(185, 2, 10, 'Épée enchantée', 4735.96, 'resources/images/objets/epeeDeuxMains.png', 10, 20),
(186, 2, 10, 'Bâton enchanté', 4735.96, 'resources/images/objets/batonBleu.png', 10, 20),
(187, 1, 10, 'Marteau enchanté', 3157.3, 'resources/images/objets/marteau.png', 5, 15),
(188, 3, 10, 'Bouclier enchanté', 3157.3, 'resources/images/objets/bouclier.png', 0, 0),
(189, 1, 10, 'Dague enchantée', 3157.3, 'resources/images/objets/epee.png', 5, 15),
(190, 1, 10, 'Baguette enchantée', 3157.3, 'resources/images/objets/batonRouge.png', 5, 15),
(191, 2, 10, 'Hache enchantée', 4735.96, 'resources/images/objets/hache.png', 10, 20),
(192, 2, 10, 'Lance enchantée', 4735.96, 'resources/images/objets/lance.png', 10, 20),
(193, 2, 12, 'Épée maudite', 8171.3, 'resources/images/objets/epeeDeuxMains.png', 12, 24),
(194, 2, 12, 'Bâton maudit', 8171.3, 'resources/images/objets/batonBleu.png', 12, 24),
(195, 1, 12, 'Marteau maudit', 5447.53, 'resources/images/objets/marteau.png', 6, 18),
(196, 3, 12, 'Bouclier maudit', 5447.53, 'resources/images/objets/bouclier.png', 0, 0),
(197, 1, 12, 'Dague maudite', 5447.53, 'resources/images/objets/epee.png', 6, 18),
(198, 1, 12, 'Baguette maudite', 5447.53, 'resources/images/objets/batonRouge.png', 6, 18),
(199, 2, 12, 'Hache maudite', 8171.3, 'resources/images/objets/hache.png', 12, 24),
(200, 2, 12, 'Lance maudite', 8171.3, 'resources/images/objets/lance.png', 12, 24),
(201, 2, 13, 'Épée sacrée', 10383.77, 'resources/images/objets/epeeDeuxMains.png', 13, 26),
(202, 2, 13, 'Bâton sacré', 10383.77, 'resources/images/objets/batonBleu.png', 13, 26),
(203, 1, 13, 'Marteau sacré', 6922.52, 'resources/images/objets/marteau.png', 7, 20),
(204, 3, 13, 'Bouclier sacré', 6922.52, 'resources/images/objets/bouclier.png', 0, 0),
(205, 1, 13, 'Dague sacrée', 6922.52, 'resources/images/objets/epee.png', 7, 20),
(206, 1, 13, 'Baguette sacrée', 6922.52, 'resources/images/objets/batonRouge.png', 7, 20),
(207, 2, 13, 'Hache sacrée', 10383.77, 'resources/images/objets/hache.png', 13, 26),
(208, 2, 13, 'Lance sacrée', 10383.77, 'resources/images/objets/lance.png', 13, 26),
(209, 2, 15, 'Épée de crystal', 15939.69, 'resources/images/objets/epeeDeuxMains.png', 15, 30),
(210, 2, 15, 'Bâton de crystal', 15939.69, 'resources/images/objets/batonBleu.png', 15, 30),
(211, 1, 15, 'Marteau de crystal', 10626.46, 'resources/images/objets/marteau.png', 8, 23),
(212, 3, 15, 'Bouclier de crystal', 10626.46, 'resources/images/objets/bouclier.png', 0, 0),
(213, 1, 15, 'Dague de crystal', 10626.46, 'resources/images/objets/epee.png', 8, 23),
(214, 1, 15, 'Baguette de crystal', 10626.46, 'resources/images/objets/batonRouge.png', 8, 23),
(215, 2, 15, 'Hache de crystal', 15939.69, 'resources/images/objets/hache.png', 15, 30),
(216, 2, 15, 'Lance de crystal', 15939.69, 'resources/images/objets/lance.png', 15, 30),
(217, 2, 16, 'Épée héroïque', 19339.7, 'resources/images/objets/epeeDeuxMains.png', 16, 32),
(218, 2, 16, 'Bâton héroïque', 19339.7, 'resources/images/objets/batonBleu.png', 16, 32),
(219, 1, 16, 'Marteau héroïque', 12893.13, 'resources/images/objets/marteau.png', 8, 24),
(220, 3, 16, 'Bouclier héroïque', 12893.13, 'resources/images/objets/bouclier.png', 0, 0),
(221, 1, 16, 'Dague héroïque', 12893.13, 'resources/images/objets/epee.png', 8, 24),
(222, 1, 16, 'Baguette héroïque', 12893.13, 'resources/images/objets/batonRouge.png', 8, 24),
(223, 2, 16, 'Hache héroïque', 19339.7, 'resources/images/objets/hache.png', 16, 32),
(224, 2, 16, 'Lance héroïque', 19339.7, 'resources/images/objets/lance.png', 16, 32),
(225, 2, 18, 'Épée légendaire', 23192.08, 'resources/images/objets/epeeDeuxMains.png', 17, 34),
(226, 2, 18, 'Bâton légendaire', 23192.08, 'resources/images/objets/batonBleu.png', 17, 34),
(227, 1, 18, 'Marteau légendaire', 15461.38, 'resources/images/objets/marteau.png', 9, 26),
(228, 3, 18, 'Bouclier légendaire', 15461.38, 'resources/images/objets/bouclier.png', 0, 0),
(229, 1, 18, 'Dague légendaire', 15461.38, 'resources/images/objets/epee.png', 9, 26),
(230, 1, 18, 'Baguette légendaire', 15461.38, 'resources/images/objets/batonRouge.png', 9, 26),
(231, 2, 18, 'Hache légendaire', 23192.08, 'resources/images/objets/hache.png', 17, 34),
(232, 2, 18, 'Lance légendaire', 23192.08, 'resources/images/objets/lance.png', 17, 34),
(233, 2, 19, 'Épée de diamant', 32367.12, 'resources/images/objets/epeeDeuxMains.png', 19, 38),
(234, 2, 19, 'Bâton de diamant', 32367.12, 'resources/images/objets/batonBleu.png', 19, 38),
(235, 1, 19, 'Marteau de diamant', 21578.08, 'resources/images/objets/marteau.png', 10, 29),
(236, 3, 19, 'Bouclier de diamant', 21578.08, 'resources/images/objets/bouclier.png', 0, 0),
(237, 1, 19, 'Dague de diamant', 21578.08, 'resources/images/objets/epee.png', 10, 29),
(238, 1, 19, 'Baguette de diamant', 21578.08, 'resources/images/objets/batonRouge.png', 10, 29),
(239, 2, 19, 'Hache de diamant', 32367.12, 'resources/images/objets/hache.png', 19, 38),
(240, 2, 19, 'Lance de diamant', 32367.12, 'resources/images/objets/lance.png', 19, 38),
(241, 2, 20, 'Épée céleste', 37746.32, 'resources/images/objets/epeeDeuxMains.png', 20, 40),
(242, 2, 20, 'Bâton céleste', 37746.32, 'resources/images/objets/batonBleu.png', 20, 40),
(243, 1, 20, 'Marteau céleste', 25164.22, 'resources/images/objets/marteau.png', 10, 30),
(244, 3, 20, 'Bouclier céleste', 25164.22, 'resources/images/objets/bouclier.png', 0, 0),
(245, 1, 20, 'Dague céleste', 25164.22, 'resources/images/objets/epee.png', 10, 30),
(246, 1, 20, 'Baguette céleste', 25164.22, 'resources/images/objets/batonRouge.png', 10, 30),
(247, 2, 20, 'Hache céleste', 37746.32, 'resources/images/objets/hache.png', 20, 40),
(248, 2, 20, 'Lance céleste', 37746.32, 'resources/images/objets/lance.png', 20, 40);

-- --------------------------------------------------------

--
-- Structure de la table `EquipementsPersonnages`
--

CREATE TABLE IF NOT EXISTS `EquipementsPersonnages` (
  `idEquipementPersonnage` int(11) NOT NULL AUTO_INCREMENT,
  `idEquipement` int(11) NOT NULL,
  `idPersonnage` int(11) NOT NULL,
  PRIMARY KEY (`idEquipementPersonnage`),
  UNIQUE KEY `idEquipementPersonnage` (`idEquipementPersonnage`),
  KEY `EquipementsPersonnages_Personnages_FK` (`idPersonnage`),
  KEY `EquipementsPersonnages_Equipements_FK` (`idEquipement`)
) ENGINE=MyISAM DEFAULT CHARSET=latin1 AUTO_INCREMENT=1 ;

-- --------------------------------------------------------

--
-- Structure de la table `Inventaires`
--

CREATE TABLE IF NOT EXISTS `Inventaires` (
  `idInventaire` int(11) NOT NULL AUTO_INCREMENT,
  `argent` double NOT NULL DEFAULT '0',
  PRIMARY KEY (`idInventaire`),
  UNIQUE KEY `idInventaire` (`idInventaire`)
) ENGINE=MyISAM DEFAULT CHARSET=latin1 AUTO_INCREMENT=1 ;

-- --------------------------------------------------------

--
-- Structure de la table `InventairesConsommations`
--

CREATE TABLE IF NOT EXISTS `InventairesConsommations` (
  `idInventaireConsommation` int(11) NOT NULL AUTO_INCREMENT,
  `idInventaire` int(11) NOT NULL,
  `idConsommation` int(11) NOT NULL,
  `quantite` int(11) NOT NULL DEFAULT '1',
  PRIMARY KEY (`idInventaireConsommation`),
  UNIQUE KEY `idInventaireConsommation` (`idInventaireConsommation`)
) ENGINE=MyISAM DEFAULT CHARSET=latin1 AUTO_INCREMENT=1 ;

-- --------------------------------------------------------

--
-- Structure de la table `InventairesEquipements`
--

CREATE TABLE IF NOT EXISTS `InventairesEquipements` (
  `idInventaireEquipement` int(11) NOT NULL AUTO_INCREMENT,
  `idInventaire` int(11) NOT NULL,
  `idEquipement` int(11) NOT NULL,
  PRIMARY KEY (`idInventaireEquipement`),
  UNIQUE KEY `idInventaireEquipement` (`idInventaireEquipement`)
) ENGINE=MyISAM DEFAULT CHARSET=latin1 AUTO_INCREMENT=1 ;

-- --------------------------------------------------------

--
-- Structure de la table `Joueurs`
--

CREATE TABLE IF NOT EXISTS `Joueurs` (
  `idJoueur` int(11) NOT NULL AUTO_INCREMENT,
  `pseudonyme` varchar(21) NOT NULL,
  `motDePasse` varchar(32) NOT NULL,
  PRIMARY KEY (`idJoueur`),
  UNIQUE KEY `idJoueur` (`idJoueur`),
  UNIQUE KEY `pseudonyme` (`pseudonyme`)
) ENGINE=MyISAM DEFAULT CHARSET=latin1 AUTO_INCREMENT=1 ;

-- --------------------------------------------------------

--
-- Structure de la table `Modeles`
--

CREATE TABLE IF NOT EXISTS `Modeles` (
  `idModele` int(11) NOT NULL AUTO_INCREMENT,
  `nom` varchar(21) NOT NULL,
  `deuxMains` tinyint(1) NOT NULL DEFAULT '0',
  PRIMARY KEY (`idModele`),
  UNIQUE KEY `idModele` (`idModele`)
) ENGINE=MyISAM  DEFAULT CHARSET=latin1 AUTO_INCREMENT=9 ;

--
-- Contenu de la table `Modeles`
--

INSERT INTO `Modeles` (`idModele`, `nom`, `deuxMains`) VALUES
(1, 'ArmeUneMain', 0),
(2, 'ArmeDeuxMains', 1),
(3, 'Bouclier', 0),
(4, 'Casque', 0),
(5, 'Épaulette', 0),
(6, 'Plastron', 0),
(7, 'Bottes', 0),
(8, 'Pantalon', 0);

-- --------------------------------------------------------

--
-- Structure de la table `Personnages`
--

CREATE TABLE IF NOT EXISTS `Personnages` (
  `idPersonnage` int(11) NOT NULL AUTO_INCREMENT,
  `idProfession` int(11) NOT NULL,
  `idInventaire` int(11) NOT NULL,
  `idJoueur` int(11) NOT NULL,
  `idCampagne` int(11) DEFAULT '1',
  `nom` varchar(21) NOT NULL,
  `niveau` int(11) NOT NULL DEFAULT '1',
  `experience` int(11) NOT NULL DEFAULT '0',
  `vie` int(11) NOT NULL DEFAULT '5',
  `energie` int(11) NOT NULL DEFAULT '0',
  `image` varchar(255) DEFAULT NULL,
  `estActif` tinyint(1) NOT NULL DEFAULT '1',
  PRIMARY KEY (`idPersonnage`),
  UNIQUE KEY `idPersonnage` (`idPersonnage`),
  UNIQUE KEY `nom` (`nom`),
  KEY `Personnages_Professions_FK` (`idProfession`),
  KEY `Personnages_Inventaires_FK` (`idInventaire`),
  KEY `Personnages_Joueurs_FK` (`idJoueur`),
  KEY `Personnages_Campagnes_FK` (`idCampagne`)
) ENGINE=MyISAM DEFAULT CHARSET=latin1 AUTO_INCREMENT=1 ;

-- --------------------------------------------------------

--
-- Structure de la table `Professions`
--

CREATE TABLE IF NOT EXISTS `Professions` (
  `idProfession` int(11) NOT NULL AUTO_INCREMENT,
  `nom` varchar(21) DEFAULT NULL,
  `image` varchar(255) DEFAULT NULL,
  `description` varchar(255) DEFAULT NULL,
  PRIMARY KEY (`idProfession`),
  UNIQUE KEY `idProfession` (`idProfession`)
) ENGINE=MyISAM  DEFAULT CHARSET=latin1 AUTO_INCREMENT=4 ;

--
-- Contenu de la table `Professions`
--

INSERT INTO `Professions` (`idProfession`, `nom`, `image`, `description`) VALUES
(1, 'Paladin', '../images/paladin.png', 'Le paladin est un guerrier croyant aux dieux. Il ne se bat que s''il en sent le besoin.\r\nDurant les combats, il les implore pour avoir leur aide pour le guérrir ou simplement enchanter ses\r\nattaques.'),
(2, 'Magicien', '../images/magicien.png', 'Le magicien étudie différent type de magie. Il se sert de sorts pour attaquer son ennemi, mais aussi pour se protéger. Les sorts\r\ndu magicien sont très puissant, cependant, le magicien n''est pas aussi solide physiquement qu''un guerrier ou un paladin.'),
(3, 'Guerrier', '../images/guerrier.png', 'Le guerrier est une brute ne se fiant qu''à sa force pour abattre ses ennemis, il n''hésite pas une seconde\r\nà enfoncer son arme sur sur ceux-ci. Endurci par les combats au corps à corps, le guerrier est résistant et physiquement\r\ntrès fort.');

-- --------------------------------------------------------

--
-- Structure de la table `Statistiques`
--

CREATE TABLE IF NOT EXISTS `Statistiques` (
  `idStatistique` int(11) NOT NULL AUTO_INCREMENT,
  `idPersonnage` int(11) NOT NULL,
  `tempsDeJeu` time NOT NULL DEFAULT '00:00:00',
  `nombreDeCombat` int(11) NOT NULL DEFAULT '0',
  `victoire` int(11) NOT NULL DEFAULT '0',
  `defaite` int(11) NOT NULL DEFAULT '0',
  `dommageTotal` int(11) NOT NULL DEFAULT '0',
  `nombreAttaque` int(11) NOT NULL DEFAULT '0',
  PRIMARY KEY (`idStatistique`),
  UNIQUE KEY `idStatistique` (`idStatistique`),
  KEY `Statistiques_Personnages_FK` (`idPersonnage`)
) ENGINE=MyISAM DEFAULT CHARSET=latin1 AUTO_INCREMENT=1 ;

-- --------------------------------------------------------

--
-- Structure de la table `TypesCompetences`
--

CREATE TABLE IF NOT EXISTS `TypesCompetences` (
  `idTypeCompetence` int(11) NOT NULL AUTO_INCREMENT,
  `nom` varchar(21) NOT NULL,
  PRIMARY KEY (`idTypeCompetence`),
  UNIQUE KEY `idTypeCompetence` (`idTypeCompetence`)
) ENGINE=MyISAM  DEFAULT CHARSET=latin1 AUTO_INCREMENT=5 ;

--
-- Contenu de la table `TypesCompetences`
--

INSERT INTO `TypesCompetences` (`idTypeCompetence`, `nom`) VALUES
(1, 'Magique'),
(2, 'Physique'),
(3, 'Defensive'),
(4, 'Support');

-- --------------------------------------------------------

--
-- Structure de la table `TypesConsommations`
--

CREATE TABLE IF NOT EXISTS `TypesConsommations` (
  `idTypeConsommation` int(11) NOT NULL AUTO_INCREMENT,
  `nom` varchar(21) NOT NULL,
  PRIMARY KEY (`idTypeConsommation`),
  UNIQUE KEY `idTypeConsommation` (`idTypeConsommation`)
) ENGINE=MyISAM  DEFAULT CHARSET=latin1 AUTO_INCREMENT=3 ;

--
-- Contenu de la table `TypesConsommations`
--

INSERT INTO `TypesConsommations` (`idTypeConsommation`, `nom`) VALUES
(1, 'Vie'),
(2, 'Énergie');

/*!40101 SET CHARACTER_SET_CLIENT=@OLD_CHARACTER_SET_CLIENT */;
/*!40101 SET CHARACTER_SET_RESULTS=@OLD_CHARACTER_SET_RESULTS */;
/*!40101 SET COLLATION_CONNECTION=@OLD_COLLATION_CONNECTION */;
